-- Popula a tabela Veiculo.
INSERT INTO Veiculo(id, placa, marca, modelo)
VALUES (1, 'AWJ-2751', 'Mercedes', 'AL 6546');

INSERT INTO Veiculo(id, placa, marca, modelo)
VALUES (2, 'BWH-2752', 'Volkswagen', '710');

INSERT INTO Veiculo(id, placa, marca, modelo)
VALUES (3, 'JRV-2753', 'Volvo', '710');

INSERT INTO Veiculo(id, placa, marca, modelo)
VALUES (4, 'FTO-2754', 'Scania', 'Atego 2425');

INSERT INTO Veiculo(id, placa, marca, modelo)
VALUES (5, 'BGW-2755', 'Volvo', 'AL 6546');

INSERT INTO Veiculo(id, placa, marca, modelo)
VALUES (6, 'GDC-2756', 'Volkswagen', '8150');

INSERT INTO Veiculo(id, placa, marca, modelo)
VALUES (7, 'HTQ-2757', 'Volkswagen', 'Atego 2425');

INSERT INTO Veiculo(id, placa, marca, modelo)
VALUES (8, 'EQR-2758', 'Volkswagen', 'Accelo 815');

INSERT INTO Veiculo(id, placa, marca, modelo)
VALUES (9, 'RGJ-2759', 'Scania', 'Accelo 815');

INSERT INTO Veiculo(id, placa, marca, modelo)
VALUES (10, 'IBV-2760', 'Volvo', 'AL 6546');

INSERT INTO Veiculo(id, placa, marca, modelo)
VALUES (11, 'TQD-2761', 'Volkswagen', 'Atego 2425');

INSERT INTO Veiculo(id, placa, marca, modelo)
VALUES (12, 'HTJ-2762', 'Volkswagen', 'Accelo 815');

INSERT INTO Veiculo(id, placa, marca, modelo)
VALUES (13, 'WPF-2763', 'Volvo', 'AL 6546');

INSERT INTO Veiculo(id, placa, marca, modelo)
VALUES (14, 'UTG-2764', 'Mercedes', '9150');

INSERT INTO Veiculo(id, placa, marca, modelo)
VALUES (15, 'APO-2765', 'Scania', '8150');

INSERT INTO Veiculo(id, placa, marca, modelo)
VALUES (16, 'FXY-2766', 'Mercedes', '710');

INSERT INTO Veiculo(id, placa, marca, modelo)
VALUES (17, 'EOX-2767', 'Scania', '24250');

INSERT INTO Veiculo(id, placa, marca, modelo)
VALUES (18, 'BEH-2768', 'Volkswagen', '24250');

INSERT INTO Veiculo(id, placa, marca, modelo)
VALUES (19, 'LDI-2769', 'Mercedes', '24250');

INSERT INTO Veiculo(id, placa, marca, modelo)
VALUES (20, 'NEL-2770', 'Volkswagen', 'AL 6546');

INSERT INTO Veiculo(id, placa, marca, modelo)
VALUES (21, 'NBC-2771', 'Scania', '9150');

INSERT INTO Veiculo(id, placa, marca, modelo)
VALUES (22, 'CEO-2772', 'Mercedes', 'Accelo 815');

INSERT INTO Veiculo(id, placa, marca, modelo)
VALUES (23, 'ZNM-2773', 'Volkswagen', '9150');

INSERT INTO Veiculo(id, placa, marca, modelo)
VALUES (24, 'DWX-2774', 'Volkswagen', 'Accelo 815');

INSERT INTO Veiculo(id, placa, marca, modelo)
VALUES (25, 'QVP-2775', 'Volvo', '8150');

INSERT INTO Veiculo(id, placa, marca, modelo)
VALUES (26, 'DKS-2776', 'Mercedes', '8150');

INSERT INTO Veiculo(id, placa, marca, modelo)
VALUES (27, 'EAY-2777', 'Volkswagen', 'VM 260');

INSERT INTO Veiculo(id, placa, marca, modelo)
VALUES (28, 'RDT-2778', 'Scania', '8150');

INSERT INTO Veiculo(id, placa, marca, modelo)
VALUES (29, 'NCZ-2779', 'Scania', 'AL 6546');

INSERT INTO Veiculo(id, placa, marca, modelo)
VALUES (30, 'KFJ-2780', 'Scania', '13180');

INSERT INTO Veiculo(id, placa, marca, modelo)
VALUES (31, 'NHD-2781', 'Scania', 'FH 460');

INSERT INTO Veiculo(id, placa, marca, modelo)
VALUES (32, 'UUE-2782', 'Mercedes', 'Accelo 815');

INSERT INTO Veiculo(id, placa, marca, modelo)
VALUES (33, 'ARY-2783', 'Volkswagen', '24250');

INSERT INTO Veiculo(id, placa, marca, modelo)
VALUES (34, 'UCK-2784', 'Volvo', 'AL 6546');

INSERT INTO Veiculo(id, placa, marca, modelo)
VALUES (35, 'PAV-2785', 'Mercedes', 'AL 6546');

INSERT INTO Veiculo(id, placa, marca, modelo)
VALUES (36, 'GWA-2786', 'Mercedes', 'Accelo 815');

INSERT INTO Veiculo(id, placa, marca, modelo)
VALUES (37, 'FAE-2787', 'Scania', 'AL 6546');

INSERT INTO Veiculo(id, placa, marca, modelo)
VALUES (38, 'YNV-2788', 'Scania', 'VM 260');

INSERT INTO Veiculo(id, placa, marca, modelo)
VALUES (39, 'UIU-2789', 'Mercedes', '9150');

INSERT INTO Veiculo(id, placa, marca, modelo)
VALUES (40, 'GFF-2790', 'Volvo', 'Atego 2425');

INSERT INTO Veiculo(id, placa, marca, modelo)
VALUES (41, 'BLS-2791', 'Scania', '13180');

INSERT INTO Veiculo(id, placa, marca, modelo)
VALUES (42, 'VVI-2792', 'Volvo', '710');

INSERT INTO Veiculo(id, placa, marca, modelo)
VALUES (43, 'UUQ-2793', 'Scania', 'VM 260');

INSERT INTO Veiculo(id, placa, marca, modelo)
VALUES (44, 'WWC-2794', 'Scania', '24250');

INSERT INTO Veiculo(id, placa, marca, modelo)
VALUES (45, 'LAB-2795', 'Mercedes', '24250');

INSERT INTO Veiculo(id, placa, marca, modelo)
VALUES (46, 'UBQ-2796', 'Mercedes', '710');

INSERT INTO Veiculo(id, placa, marca, modelo)
VALUES (47, 'BNM-2797', 'Scania', 'Atego 2425');

INSERT INTO Veiculo(id, placa, marca, modelo)
VALUES (48, 'WWR-2798', 'Scania', '24250');

INSERT INTO Veiculo(id, placa, marca, modelo)
VALUES (49, 'TYF-2799', 'Volvo', '8150');

INSERT INTO Veiculo(id, placa, marca, modelo)
VALUES (50, 'MGV-2800', 'Scania', '710');

INSERT INTO Veiculo(id, placa, marca, modelo)
VALUES (51, 'XEU-2801', 'Mercedes', 'AL 6546');

INSERT INTO Veiculo(id, placa, marca, modelo)
VALUES (52, 'SAD-2802', 'Mercedes', 'FH 460');

INSERT INTO Veiculo(id, placa, marca, modelo)
VALUES (53, 'TZW-2803', 'Volkswagen', 'VM 260');

INSERT INTO Veiculo(id, placa, marca, modelo)
VALUES (54, 'DMM-2804', 'Volvo', '24250');

INSERT INTO Veiculo(id, placa, marca, modelo)
VALUES (55, 'JMV-2805', 'Scania', '710');

INSERT INTO Veiculo(id, placa, marca, modelo)
VALUES (56, 'TZS-2806', 'Scania', 'FH 460');

INSERT INTO Veiculo(id, placa, marca, modelo)
VALUES (57, 'YFX-2807', 'Scania', 'Accelo 815');

INSERT INTO Veiculo(id, placa, marca, modelo)
VALUES (58, 'RIL-2808', 'Volvo', '9150');

INSERT INTO Veiculo(id, placa, marca, modelo)
VALUES (59, 'VYP-2809', 'Scania', 'R440');

INSERT INTO Veiculo(id, placa, marca, modelo)
VALUES (60, 'IYO-2810', 'Scania', '9150');

INSERT INTO Veiculo(id, placa, marca, modelo)
VALUES (61, 'WZR-2811', 'Volvo', 'R440');

INSERT INTO Veiculo(id, placa, marca, modelo)
VALUES (62, 'DJI-2812', 'Volvo', 'AL 6546');

INSERT INTO Veiculo(id, placa, marca, modelo)
VALUES (63, 'LXD-2813', 'Mercedes', 'AL 6546');

INSERT INTO Veiculo(id, placa, marca, modelo)
VALUES (64, 'FYS-2814', 'Scania', 'VM 260');

INSERT INTO Veiculo(id, placa, marca, modelo)
VALUES (65, 'SMS-2815', 'Scania', '710');

INSERT INTO Veiculo(id, placa, marca, modelo)
VALUES (66, 'TPA-2816', 'Volvo', 'VM 260');

INSERT INTO Veiculo(id, placa, marca, modelo)
VALUES (67, 'PVA-2817', 'Volkswagen', '13180');

INSERT INTO Veiculo(id, placa, marca, modelo)
VALUES (68, 'UXJ-2818', 'Scania', '9150');

INSERT INTO Veiculo(id, placa, marca, modelo)
VALUES (69, 'WGE-2819', 'Mercedes', 'Atego 2425');

INSERT INTO Veiculo(id, placa, marca, modelo)
VALUES (70, 'BWL-2820', 'Mercedes', '8150');

INSERT INTO Veiculo(id, placa, marca, modelo)
VALUES (71, 'BFL-2821', 'Mercedes', '710');

INSERT INTO Veiculo(id, placa, marca, modelo)
VALUES (72, 'QIW-2822', 'Volvo', '24250');

INSERT INTO Veiculo(id, placa, marca, modelo)
VALUES (73, 'IAG-2823', 'Volvo', '24250');

INSERT INTO Veiculo(id, placa, marca, modelo)
VALUES (74, 'GEL-2824', 'Volkswagen', '710');

INSERT INTO Veiculo(id, placa, marca, modelo)
VALUES (75, 'USH-2825', 'Volkswagen', 'VM 260');

INSERT INTO Veiculo(id, placa, marca, modelo)
VALUES (76, 'XWY-2826', 'Volvo', '24250');

INSERT INTO Veiculo(id, placa, marca, modelo)
VALUES (77, 'BNG-2827', 'Volvo', 'R440');

INSERT INTO Veiculo(id, placa, marca, modelo)
VALUES (78, 'KQG-2828', 'Scania', 'FH 460');

INSERT INTO Veiculo(id, placa, marca, modelo)
VALUES (79, 'AYA-2829', 'Scania', '710');

INSERT INTO Veiculo(id, placa, marca, modelo)
VALUES (80, 'UTP-2830', 'Volkswagen', 'R440');

INSERT INTO Veiculo(id, placa, marca, modelo)
VALUES (81, 'PHP-2831', 'Volvo', '8150');

INSERT INTO Veiculo(id, placa, marca, modelo)
VALUES (82, 'TYW-2832', 'Volvo', '24250');

INSERT INTO Veiculo(id, placa, marca, modelo)
VALUES (83, 'AKA-2833', 'Volkswagen', '9150');

INSERT INTO Veiculo(id, placa, marca, modelo)
VALUES (84, 'GAX-2834', 'Scania', '8150');

INSERT INTO Veiculo(id, placa, marca, modelo)
VALUES (85, 'ZBD-2835', 'Volkswagen', '9150');

INSERT INTO Veiculo(id, placa, marca, modelo)
VALUES (86, 'NCR-2836', 'Volvo', 'FH 460');

INSERT INTO Veiculo(id, placa, marca, modelo)
VALUES (87, 'ZVP-2837', 'Scania', 'AL 6546');

INSERT INTO Veiculo(id, placa, marca, modelo)
VALUES (88, 'CGZ-2838', 'Scania', '13180');

INSERT INTO Veiculo(id, placa, marca, modelo)
VALUES (89, 'ZAH-2839', 'Mercedes', 'VM 260');

INSERT INTO Veiculo(id, placa, marca, modelo)
VALUES (90, 'JJS-2840', 'Volkswagen', '710');

INSERT INTO Veiculo(id, placa, marca, modelo)
VALUES (91, 'CEA-2841', 'Volkswagen', '13180');

INSERT INTO Veiculo(id, placa, marca, modelo)
VALUES (92, 'MUO-2842', 'Scania', '13180');

INSERT INTO Veiculo(id, placa, marca, modelo)
VALUES (93, 'YSQ-2843', 'Scania', '8150');

INSERT INTO Veiculo(id, placa, marca, modelo)
VALUES (94, 'MIA-2844', 'Volkswagen', '13180');

INSERT INTO Veiculo(id, placa, marca, modelo)
VALUES (95, 'VTN-2845', 'Scania', '9150');

INSERT INTO Veiculo(id, placa, marca, modelo)
VALUES (96, 'FJO-2846', 'Volkswagen', '8150');

INSERT INTO Veiculo(id, placa, marca, modelo)
VALUES (97, 'RQH-2847', 'Scania', '8150');

INSERT INTO Veiculo(id, placa, marca, modelo)
VALUES (98, 'LJQ-2848', 'Mercedes', '8150');

INSERT INTO Veiculo(id, placa, marca, modelo)
VALUES (99, 'TSF-2849', 'Scania', 'AL 6546');

INSERT INTO Veiculo(id, placa, marca, modelo)
VALUES (100, 'XQN-2850', 'Volvo', '8150');

-- Popula a tabela Endereco.

INSERT INTO Endereco(id, cep, estado, cidade, bairro, logradouro, numero)
VALUES (1, '56.123-983', 'PI', 'Jupiá', 'Langsat', 'Rua 60', '48');

INSERT INTO Endereco(id, cep, estado, cidade, bairro, logradouro, numero)
VALUES (2, '10.124-599', 'AC', 'Camalaú', 'Pinhão', 'Rua 70', '66');

INSERT INTO Endereco(id, cep, estado, cidade, bairro, logradouro, numero)
VALUES (3, '56.125-080', 'TO', 'Cantanhede', 'Granadilla', 'Av. 19', '96');

INSERT INTO Endereco(id, cep, estado, cidade, bairro, logradouro, numero)
VALUES (4, '94.126-361', 'DF', 'Glaucilândia', 'Açaí', 'Rua 75', '93');

INSERT INTO Endereco(id, cep, estado, cidade, bairro, logradouro, numero)
VALUES (5, '47.127-161', 'AL', 'Aquidauana', 'Figo da índia vermelho', 'Av. 70', '59');

INSERT INTO Endereco(id, cep, estado, cidade, bairro, logradouro, numero)
VALUES (6, '33.128-338', 'RJ', 'Saldanha Marinho', 'Macaúba', 'Rua 97', '81');

INSERT INTO Endereco(id, cep, estado, cidade, bairro, logradouro, numero)
VALUES (7, '91.129-897', 'MA', 'Tonantins', 'Caqui chocolate', 'Av. 97', '29');

INSERT INTO Endereco(id, cep, estado, cidade, bairro, logradouro, numero)
VALUES (8, '35.130-924', 'RS', 'Itapeva', 'Castanha portuguesa', 'Av. 42', '48');

INSERT INTO Endereco(id, cep, estado, cidade, bairro, logradouro, numero)
VALUES (9, '99.131-974', 'PE', 'Gilbués', 'Melancia', 'Av. 70', '67');

INSERT INTO Endereco(id, cep, estado, cidade, bairro, logradouro, numero)
VALUES (10, '13.132-361', 'PI', 'Conselheiro Pena', 'Sapucaia', 'Av. 87', '97');

INSERT INTO Endereco(id, cep, estado, cidade, bairro, logradouro, numero)
VALUES (11, '93.133-132', 'AL', 'Breves', 'Cupuaçu', 'Av. 79', '93');

INSERT INTO Endereco(id, cep, estado, cidade, bairro, logradouro, numero)
VALUES (12, '28.134-130', 'TO', 'Bituruna', 'Carissa', 'Rua 42', '60');

INSERT INTO Endereco(id, cep, estado, cidade, bairro, logradouro, numero)
VALUES (13, '69.135-371', 'RR', 'Rodeiro', 'Abacate', 'Av. 57', '64');

INSERT INTO Endereco(id, cep, estado, cidade, bairro, logradouro, numero)
VALUES (14, '48.136-077', 'SC', 'Recife', 'Groselha', 'Rua 75', '66');

INSERT INTO Endereco(id, cep, estado, cidade, bairro, logradouro, numero)
VALUES (15, '81.137-749', 'AC', 'Santana do Manhuaçu', 'Caraguata', 'Rua 96', '45');

INSERT INTO Endereco(id, cep, estado, cidade, bairro, logradouro, numero)
VALUES (16, '09.138-781', 'PE', 'Santa Rita do Passa-Quatro', 'Licuri', 'Av. 85', '58');

INSERT INTO Endereco(id, cep, estado, cidade, bairro, logradouro, numero)
VALUES (17, '10.139-619', 'GO', 'Contendas do Sincorá', 'Marmelo', 'Rua 84', '75');

INSERT INTO Endereco(id, cep, estado, cidade, bairro, logradouro, numero)
VALUES (18, '91.140-947', 'PI', 'Atílio Vivácqua', 'Pitaya', 'Av. 23', '26');

INSERT INTO Endereco(id, cep, estado, cidade, bairro, logradouro, numero)
VALUES (19, '65.141-295', 'GO', 'Senador Firmino', 'Camu - Camu', 'Av. 98', '87');

INSERT INTO Endereco(id, cep, estado, cidade, bairro, logradouro, numero)
VALUES (20, '94.142-508', 'AC', 'Flórida Paulista', 'Biriba', 'Av. 89', '17');

INSERT INTO Endereco(id, cep, estado, cidade, bairro, logradouro, numero)
VALUES (21, '25.143-176', 'AP', 'Remanso', 'Caju', 'Av. 26', '74');

INSERT INTO Endereco(id, cep, estado, cidade, bairro, logradouro, numero)
VALUES (22, '95.144-647', 'CE', 'Araras', 'Licuri', 'Rua 52', '36');

INSERT INTO Endereco(id, cep, estado, cidade, bairro, logradouro, numero)
VALUES (23, '06.145-394', 'AL', 'Pedro Canário', 'Jatobá', 'Av. 27', '50');

INSERT INTO Endereco(id, cep, estado, cidade, bairro, logradouro, numero)
VALUES (24, '69.146-806', 'PA', 'Uibaí', 'Ciriguela', 'Av. 52', '57');

INSERT INTO Endereco(id, cep, estado, cidade, bairro, logradouro, numero)
VALUES (25, '59.147-939', 'AL', 'Colônia Leopoldina', 'Condessa', 'Av. 78', '69');

INSERT INTO Endereco(id, cep, estado, cidade, bairro, logradouro, numero)
VALUES (26, '35.148-133', 'RR', 'Santa Rita do Pardo', 'Amora', 'Av. 46', '68');

INSERT INTO Endereco(id, cep, estado, cidade, bairro, logradouro, numero)
VALUES (27, '71.149-553', 'MA', 'Chapada dos Guimarães', 'Manga haden', 'Rua 27', '68');

INSERT INTO Endereco(id, cep, estado, cidade, bairro, logradouro, numero)
VALUES (28, '96.150-636', 'RN', 'Cunhataí', 'Maçaranduba', 'Av. 28', '52');

INSERT INTO Endereco(id, cep, estado, cidade, bairro, logradouro, numero)
VALUES (29, '76.151-804', 'SE', 'Braúnas', 'Abacate', 'Rua 20', '49');

INSERT INTO Endereco(id, cep, estado, cidade, bairro, logradouro, numero)
VALUES (30, '12.152-015', 'PB', 'Sapeaçu', 'Jurubeba', 'Rua 88', '22');

INSERT INTO Endereco(id, cep, estado, cidade, bairro, logradouro, numero)
VALUES (31, '10.153-558', 'ES', 'Barra Bonita', 'Umbu', 'Rua 25', '51');

INSERT INTO Endereco(id, cep, estado, cidade, bairro, logradouro, numero)
VALUES (32, '69.154-463', 'MA', 'Quijingue', 'Guabiju', 'Av. 23', '73');

INSERT INTO Endereco(id, cep, estado, cidade, bairro, logradouro, numero)
VALUES (33, '71.155-764', 'DF', 'Tamboril do Piauí', 'Natanjila', 'Av. 43', '38');

INSERT INTO Endereco(id, cep, estado, cidade, bairro, logradouro, numero)
VALUES (34, '75.156-859', 'MS', 'Itanhangá', 'Grumixama', 'Av. 71', '60');

INSERT INTO Endereco(id, cep, estado, cidade, bairro, logradouro, numero)
VALUES (35, '13.157-638', 'RO', 'Ipojuca', 'Cajá vermelho', 'Av. 40', '39');

INSERT INTO Endereco(id, cep, estado, cidade, bairro, logradouro, numero)
VALUES (36, '48.158-132', 'MA', 'Taiobeiras', 'Pinha', 'Av. 51', '56');

INSERT INTO Endereco(id, cep, estado, cidade, bairro, logradouro, numero)
VALUES (37, '12.159-667', 'AC', 'São Pedro dos Crentes', 'Ameixa', 'Rua 67', '23');

INSERT INTO Endereco(id, cep, estado, cidade, bairro, logradouro, numero)
VALUES (38, '64.160-797', 'MS', 'Novo Cabrais', 'Maçã argentina', 'Rua 14', '27');

INSERT INTO Endereco(id, cep, estado, cidade, bairro, logradouro, numero)
VALUES (39, '38.161-960', 'AP', 'Piritiba', 'Nêspera', 'Av. 94', '75');

INSERT INTO Endereco(id, cep, estado, cidade, bairro, logradouro, numero)
VALUES (40, '91.162-235', 'ES', 'Pinheiral', 'Langsat', 'Av. 48', '94');

INSERT INTO Endereco(id, cep, estado, cidade, bairro, logradouro, numero)
VALUES (41, '43.163-037', 'PB', 'Santo Antônio dos Lopes', 'Limão tahiti', 'Rua 80', '24');

INSERT INTO Endereco(id, cep, estado, cidade, bairro, logradouro, numero)
VALUES (42, '88.164-713', 'RJ', 'Campo Bonito', 'Atemoya', 'Av. 51', '49');

INSERT INTO Endereco(id, cep, estado, cidade, bairro, logradouro, numero)
VALUES (43, '32.165-270', 'MA', 'Itapiratins', 'Sapota', 'Av. 20', '43');

INSERT INTO Endereco(id, cep, estado, cidade, bairro, logradouro, numero)
VALUES (44, '78.166-642', 'BA', 'Tapauá', 'Jambo amarelo', 'Av. 60', '55');

INSERT INTO Endereco(id, cep, estado, cidade, bairro, logradouro, numero)
VALUES (45, '27.167-653', 'RO', 'Monte Alegre dos Campos', 'Taperebá', 'Rua 31', '52');

INSERT INTO Endereco(id, cep, estado, cidade, bairro, logradouro, numero)
VALUES (46, '13.168-121', 'AP', 'Erval Seco', 'Castanhas Variadas', 'Av. 35', '44');

INSERT INTO Endereco(id, cep, estado, cidade, bairro, logradouro, numero)
VALUES (47, '09.169-048', 'PE', 'Mendes', 'Xixa', 'Rua 35', '47');

INSERT INTO Endereco(id, cep, estado, cidade, bairro, logradouro, numero)
VALUES (48, '25.170-220', 'PB', 'Vinhedo', 'Cereja fresca', 'Av. 21', '84');

INSERT INTO Endereco(id, cep, estado, cidade, bairro, logradouro, numero)
VALUES (49, '78.171-956', 'PI', 'Orocó', 'Manga tommy', 'Av. 43', '55');

INSERT INTO Endereco(id, cep, estado, cidade, bairro, logradouro, numero)
VALUES (50, '85.172-903', 'RO', 'Itapeva', 'Pistache', 'Rua 73', '26');

INSERT INTO Endereco(id, cep, estado, cidade, bairro, logradouro, numero)
VALUES (51, '51.173-052', 'SC', 'Calmon', 'Figo da índia vermelho', 'Av. 71', '86');

INSERT INTO Endereco(id, cep, estado, cidade, bairro, logradouro, numero)
VALUES (52, '30.174-732', 'RJ', 'Conceição de Ipanema', 'Açaí', 'Av. 80', '36');

INSERT INTO Endereco(id, cep, estado, cidade, bairro, logradouro, numero)
VALUES (53, '57.175-550', 'TO', 'Portalegre', 'Carnaúba', 'Rua 89', '86');

INSERT INTO Endereco(id, cep, estado, cidade, bairro, logradouro, numero)
VALUES (54, '03.176-024', 'SP', 'Potiraguá', 'Jujuba chinesa', 'Rua 84', '51');

INSERT INTO Endereco(id, cep, estado, cidade, bairro, logradouro, numero)
VALUES (55, '96.177-341', 'BA', 'Piraquara', 'Guajirú', 'Av. 80', '11');

INSERT INTO Endereco(id, cep, estado, cidade, bairro, logradouro, numero)
VALUES (56, '86.178-709', 'ES', 'Bilac', 'Caimito', 'Av. 49', '20');

INSERT INTO Endereco(id, cep, estado, cidade, bairro, logradouro, numero)
VALUES (57, '66.179-486', 'RS', 'Papanduva', 'Xixa', 'Av. 37', '67');

INSERT INTO Endereco(id, cep, estado, cidade, bairro, logradouro, numero)
VALUES (58, '11.180-852', 'RN', 'Esperantinópolis', 'Mamoncillo', 'Rua 37', '20');

INSERT INTO Endereco(id, cep, estado, cidade, bairro, logradouro, numero)
VALUES (59, '19.181-843', 'DF', 'Palmeira do Piauí', 'Figo', 'Av. 56', '21');

INSERT INTO Endereco(id, cep, estado, cidade, bairro, logradouro, numero)
VALUES (60, '83.182-191', 'MG', 'Marataízes', 'Pitaya', 'Av. 51', '35');

INSERT INTO Endereco(id, cep, estado, cidade, bairro, logradouro, numero)
VALUES (61, '95.183-377', 'RS', 'Capanema', 'Cajá-manga', 'Av. 70', '51');

INSERT INTO Endereco(id, cep, estado, cidade, bairro, logradouro, numero)
VALUES (62, '66.184-528', 'PI', 'Santa Cruz do Sul', 'Tangerina Poncâ', 'Rua 30', '87');

INSERT INTO Endereco(id, cep, estado, cidade, bairro, logradouro, numero)
VALUES (63, '00.185-778', 'MG', 'Goiatins', 'Jatobáá', 'Av. 37', '46');

INSERT INTO Endereco(id, cep, estado, cidade, bairro, logradouro, numero)
VALUES (64, '99.186-537', 'AL', 'Miravânia', 'Laranja lima', 'Av. 22', '96');

INSERT INTO Endereco(id, cep, estado, cidade, bairro, logradouro, numero)
VALUES (65, '35.187-551', 'AC', 'Iconha', 'Mexerica', 'Rua 38', '13');

INSERT INTO Endereco(id, cep, estado, cidade, bairro, logradouro, numero)
VALUES (66, '98.188-149', 'MA', 'Bacabeira', 'Romã', 'Rua 59', '29');

INSERT INTO Endereco(id, cep, estado, cidade, bairro, logradouro, numero)
VALUES (67, '16.189-299', 'GO', 'São Braz do Piauí', 'Guajirú', 'Av. 77', '22');

INSERT INTO Endereco(id, cep, estado, cidade, bairro, logradouro, numero)
VALUES (68, '77.190-637', 'SE', 'Nanuque', 'Piquiá', 'Av. 35', '12');

INSERT INTO Endereco(id, cep, estado, cidade, bairro, logradouro, numero)
VALUES (69, '86.191-404', 'RR', 'Monte Belo do Sul', 'Maçã Fuji', 'Av. 67', '13');

INSERT INTO Endereco(id, cep, estado, cidade, bairro, logradouro, numero)
VALUES (70, '59.192-787', 'MS', 'Uruana', 'Condessa', 'Av. 37', '20');

INSERT INTO Endereco(id, cep, estado, cidade, bairro, logradouro, numero)
VALUES (71, '55.193-055', 'PI', 'Nova Russas', 'Juá', 'Av. 20', '83');

INSERT INTO Endereco(id, cep, estado, cidade, bairro, logradouro, numero)
VALUES (72, '18.194-591', 'RS', 'São Roque do Canaã', 'Morango', 'Av. 23', '18');

INSERT INTO Endereco(id, cep, estado, cidade, bairro, logradouro, numero)
VALUES (73, '49.195-832', 'MT', 'Sem-Peixe', 'Cagaita', 'Av. 98', '94');

INSERT INTO Endereco(id, cep, estado, cidade, bairro, logradouro, numero)
VALUES (74, '21.196-165', 'PB', 'Alfredo Wagner', 'Cubiu', 'Rua 21', '97');

INSERT INTO Endereco(id, cep, estado, cidade, bairro, logradouro, numero)
VALUES (75, '35.197-209', 'AC', 'Serra Negra do Norte', 'Baru', 'Rua 53', '86');

INSERT INTO Endereco(id, cep, estado, cidade, bairro, logradouro, numero)
VALUES (76, '12.198-288', 'SC', 'São José da Tapera', 'Uvalha', 'Rua 92', '91');

INSERT INTO Endereco(id, cep, estado, cidade, bairro, logradouro, numero)
VALUES (77, '15.199-835', 'PB', 'Concórdia', 'Jabuticaba', 'Av. 83', '79');

INSERT INTO Endereco(id, cep, estado, cidade, bairro, logradouro, numero)
VALUES (78, '99.200-740', 'CE', 'Barro Alto', 'Caju', 'Av. 34', '99');

INSERT INTO Endereco(id, cep, estado, cidade, bairro, logradouro, numero)
VALUES (79, '19.201-026', 'PA', 'Cachoeira Dourada', 'Achachairu', 'Rua 31', '56');

INSERT INTO Endereco(id, cep, estado, cidade, bairro, logradouro, numero)
VALUES (80, '86.202-038', 'AP', 'Pedralva', 'Ingá', 'Rua 17', '92');

INSERT INTO Endereco(id, cep, estado, cidade, bairro, logradouro, numero)
VALUES (81, '48.203-590', 'AM', 'Caçapava', 'Dendê', 'Rua 92', '98');

INSERT INTO Endereco(id, cep, estado, cidade, bairro, logradouro, numero)
VALUES (82, '57.204-162', 'SE', 'Barras', 'Akee', 'Rua 72', '30');

INSERT INTO Endereco(id, cep, estado, cidade, bairro, logradouro, numero)
VALUES (83, '61.205-332', 'PE', 'Turvo', 'Pistache', 'Rua 22', '54');

INSERT INTO Endereco(id, cep, estado, cidade, bairro, logradouro, numero)
VALUES (84, '39.206-540', 'RN', 'Teodoro Sampaio', 'Camapu', 'Av. 65', '65');

INSERT INTO Endereco(id, cep, estado, cidade, bairro, logradouro, numero)
VALUES (85, '96.207-958', 'AL', 'Alto da Boa Vista', 'Cereja', 'Rua 66', '97');

INSERT INTO Endereco(id, cep, estado, cidade, bairro, logradouro, numero)
VALUES (86, '20.208-342', 'AM', 'Olho d’Água', 'Pêra Park', 'Av. 76', '20');

INSERT INTO Endereco(id, cep, estado, cidade, bairro, logradouro, numero)
VALUES (87, '71.209-922', 'MT', 'Bonfinópolis', 'Babaco', 'Av. 98', '54');

INSERT INTO Endereco(id, cep, estado, cidade, bairro, logradouro, numero)
VALUES (88, '80.210-749', 'RO', 'Lauro Müller', 'Grumixama', 'Rua 16', '67');

INSERT INTO Endereco(id, cep, estado, cidade, bairro, logradouro, numero)
VALUES (89, '96.211-003', 'RJ', 'Piripá', 'Granadilla', 'Rua 25', '17');

INSERT INTO Endereco(id, cep, estado, cidade, bairro, logradouro, numero)
VALUES (90, '20.212-089', 'DF', 'Guaporé', 'Cacau', 'Av. 83', '83');

INSERT INTO Endereco(id, cep, estado, cidade, bairro, logradouro, numero)
VALUES (91, '92.213-010', 'ES', 'Jumirim', 'Caimito', 'Rua 90', '50');

INSERT INTO Endereco(id, cep, estado, cidade, bairro, logradouro, numero)
VALUES (92, '92.214-147', 'MG', 'Nova Palmeira', 'Umê', 'Av. 46', '72');

INSERT INTO Endereco(id, cep, estado, cidade, bairro, logradouro, numero)
VALUES (93, '83.215-837', 'RR', 'Damião', 'Frutas do Cerrado', 'Av. 62', '82');

INSERT INTO Endereco(id, cep, estado, cidade, bairro, logradouro, numero)
VALUES (94, '56.216-605', 'SE', 'Paineiras', 'Maracujá', 'Rua 92', '18');

INSERT INTO Endereco(id, cep, estado, cidade, bairro, logradouro, numero)
VALUES (95, '57.217-125', 'BA', 'Itumirim', 'Calabura', 'Rua 57', '39');

INSERT INTO Endereco(id, cep, estado, cidade, bairro, logradouro, numero)
VALUES (96, '22.218-976', 'CE', 'Uru', 'Figo', 'Av. 48', '94');

INSERT INTO Endereco(id, cep, estado, cidade, bairro, logradouro, numero)
VALUES (97, '36.219-876', 'ES', 'São Leopoldo', 'Cardo branco', 'Av. 60', '90');

INSERT INTO Endereco(id, cep, estado, cidade, bairro, logradouro, numero)
VALUES (98, '16.220-104', 'DF', 'Senador Amaral', 'Buriti', 'Rua 72', '21');

INSERT INTO Endereco(id, cep, estado, cidade, bairro, logradouro, numero)
VALUES (99, '66.221-980', 'PB', 'Água Fria', 'Figo', 'Av. 40', '32');

INSERT INTO Endereco(id, cep, estado, cidade, bairro, logradouro, numero)
VALUES (100, '23.222-346', 'PI', 'Itu', 'Jatobá', 'Av. 17', '83');

INSERT INTO Endereco(id, cep, estado, cidade, bairro, logradouro, numero)
VALUES (101, '40.223-562', 'RS', 'Santo Amaro do Maranhão', 'Pitomba', 'Rua 14', '26');

INSERT INTO Endereco(id, cep, estado, cidade, bairro, logradouro, numero)
VALUES (102, '51.224-149', 'AP', 'Açailândia', 'Tamarindo', 'Av. 61', '75');

INSERT INTO Endereco(id, cep, estado, cidade, bairro, logradouro, numero)
VALUES (103, '96.225-984', 'ES', 'Bandeira do Sul', 'Banana Pacova', 'Rua 73', '21');

INSERT INTO Endereco(id, cep, estado, cidade, bairro, logradouro, numero)
VALUES (104, '60.226-270', 'AC', 'Santa Rita do Pardo', 'Camapu', 'Av. 97', '24');

INSERT INTO Endereco(id, cep, estado, cidade, bairro, logradouro, numero)
VALUES (105, '63.227-874', 'MG', 'Adrianópolis', 'Tamarindo', 'Av. 12', '66');

INSERT INTO Endereco(id, cep, estado, cidade, bairro, logradouro, numero)
VALUES (106, '72.228-446', 'AP', 'Caldeirão Grande do Piauí', 'Grumixama', 'Rua 66', '49');

INSERT INTO Endereco(id, cep, estado, cidade, bairro, logradouro, numero)
VALUES (107, '01.229-395', 'RJ', 'Tacuru', 'Noz Pecã', 'Av. 76', '30');

INSERT INTO Endereco(id, cep, estado, cidade, bairro, logradouro, numero)
VALUES (108, '79.230-816', 'AC', 'Rosário', 'Mandacarú', 'Av. 13', '43');

INSERT INTO Endereco(id, cep, estado, cidade, bairro, logradouro, numero)
VALUES (109, '05.231-842', 'AM', 'Buritirama', 'Sapucaia', 'Rua 37', '16');

INSERT INTO Endereco(id, cep, estado, cidade, bairro, logradouro, numero)
VALUES (110, '87.232-891', 'RN', 'Taperoá', 'Castanha portuguesa', 'Av. 29', '39');

INSERT INTO Endereco(id, cep, estado, cidade, bairro, logradouro, numero)
VALUES (111, '44.233-227', 'AL', 'Aurora do Pará', 'Tangerina', 'Av. 34', '25');

INSERT INTO Endereco(id, cep, estado, cidade, bairro, logradouro, numero)
VALUES (112, '28.234-979', 'RJ', 'São Mateus', 'Ameixa', 'Rua 87', '50');

INSERT INTO Endereco(id, cep, estado, cidade, bairro, logradouro, numero)
VALUES (113, '99.235-557', 'DF', 'Belterra', 'Uva passa', 'Av. 73', '64');

INSERT INTO Endereco(id, cep, estado, cidade, bairro, logradouro, numero)
VALUES (114, '14.236-390', 'PR', 'Mar Vermelho', 'Ciriguela', 'Av. 82', '49');

INSERT INTO Endereco(id, cep, estado, cidade, bairro, logradouro, numero)
VALUES (115, '00.237-697', 'MG', 'Palmelo', 'Cherimóia', 'Av. 61', '92');

INSERT INTO Endereco(id, cep, estado, cidade, bairro, logradouro, numero)
VALUES (116, '81.238-110', 'PE', 'Veredinha', 'Damasco', 'Rua 66', '39');

INSERT INTO Endereco(id, cep, estado, cidade, bairro, logradouro, numero)
VALUES (117, '57.239-214', 'GO', 'Tavares', 'Cajá vermelho', 'Av. 26', '45');

INSERT INTO Endereco(id, cep, estado, cidade, bairro, logradouro, numero)
VALUES (118, '12.240-199', 'TO', 'Maranhãozinho', 'Jujuba', 'Av. 70', '81');

INSERT INTO Endereco(id, cep, estado, cidade, bairro, logradouro, numero)
VALUES (119, '05.241-724', 'GO', 'Doutor Ricardo', 'Toranja', 'Rua 83', '50');

INSERT INTO Endereco(id, cep, estado, cidade, bairro, logradouro, numero)
VALUES (120, '64.242-809', 'RR', 'São Vicente Férrer', 'Mandacarú', 'Av. 51', '65');

INSERT INTO Endereco(id, cep, estado, cidade, bairro, logradouro, numero)
VALUES (121, '70.243-326', 'MT', 'Pedra Mole', 'Cabeludinha', 'Av. 79', '79');

INSERT INTO Endereco(id, cep, estado, cidade, bairro, logradouro, numero)
VALUES (122, '86.244-146', 'CE', 'Assis', 'Juá', 'Rua 11', '30');

INSERT INTO Endereco(id, cep, estado, cidade, bairro, logradouro, numero)
VALUES (123, '10.245-207', 'PB', 'Ilópolis', 'Figo', 'Rua 17', '71');

INSERT INTO Endereco(id, cep, estado, cidade, bairro, logradouro, numero)
VALUES (124, '62.246-752', 'RR', 'Liberato Salzano', 'Uva passa', 'Rua 31', '83');

INSERT INTO Endereco(id, cep, estado, cidade, bairro, logradouro, numero)
VALUES (125, '05.247-162', 'RN', 'Juvenília', 'Physalis', 'Av. 52', '91');

INSERT INTO Endereco(id, cep, estado, cidade, bairro, logradouro, numero)
VALUES (126, '61.248-843', 'DF', 'Bento Gonçalves', 'Jambo rosa', 'Rua 38', '60');

INSERT INTO Endereco(id, cep, estado, cidade, bairro, logradouro, numero)
VALUES (127, '75.249-018', 'TO', 'Santa Bárbara d’Oeste', 'Buriti', 'Rua 53', '18');

INSERT INTO Endereco(id, cep, estado, cidade, bairro, logradouro, numero)
VALUES (128, '74.250-682', 'AP', 'Rio Bom', 'Toranja', 'Rua 52', '31');

INSERT INTO Endereco(id, cep, estado, cidade, bairro, logradouro, numero)
VALUES (129, '75.251-094', 'AP', 'Pedro Leopoldo', 'Carambola', 'Rua 22', '99');

INSERT INTO Endereco(id, cep, estado, cidade, bairro, logradouro, numero)
VALUES (130, '50.252-499', 'SC', 'Novais', 'Ciriguela', 'Av. 43', '42');

INSERT INTO Endereco(id, cep, estado, cidade, bairro, logradouro, numero)
VALUES (131, '54.253-277', 'PR', 'Passagem', 'Taiúva', 'Rua 45', '26');

INSERT INTO Endereco(id, cep, estado, cidade, bairro, logradouro, numero)
VALUES (132, '47.254-402', 'SP', 'Franciscópolis', 'Acerola', 'Av. 37', '40');

INSERT INTO Endereco(id, cep, estado, cidade, bairro, logradouro, numero)
VALUES (133, '97.255-107', 'RS', 'Ipiaú', 'Cambuci', 'Av. 82', '85');

INSERT INTO Endereco(id, cep, estado, cidade, bairro, logradouro, numero)
VALUES (134, '94.256-430', 'RJ', 'Caridade', 'Kinkan', 'Rua 53', '89');

INSERT INTO Endereco(id, cep, estado, cidade, bairro, logradouro, numero)
VALUES (135, '62.257-293', 'MT', 'Jequitaí', 'Caqui chocolate', 'Av. 64', '58');

INSERT INTO Endereco(id, cep, estado, cidade, bairro, logradouro, numero)
VALUES (136, '55.258-884', 'MG', 'Turvo', 'Jamelão', 'Av. 14', '12');

INSERT INTO Endereco(id, cep, estado, cidade, bairro, logradouro, numero)
VALUES (137, '71.259-693', 'MG', 'Limoeiro de Anadia', 'Longan', 'Rua 24', '27');

INSERT INTO Endereco(id, cep, estado, cidade, bairro, logradouro, numero)
VALUES (138, '38.260-205', 'SE', 'Santana do Ipanema', 'Guariroba', 'Av. 65', '65');

INSERT INTO Endereco(id, cep, estado, cidade, bairro, logradouro, numero)
VALUES (139, '43.261-963', 'RN', 'ngulo', 'Banana Pacova', 'Av. 88', '52');

INSERT INTO Endereco(id, cep, estado, cidade, bairro, logradouro, numero)
VALUES (140, '74.262-442', 'ES', 'Carlópolis', 'Guariroba', 'Rua 91', '46');

INSERT INTO Endereco(id, cep, estado, cidade, bairro, logradouro, numero)
VALUES (141, '44.263-745', 'SC', 'Conselheiro Mairinck', 'Grumixama', 'Av. 43', '80');

INSERT INTO Endereco(id, cep, estado, cidade, bairro, logradouro, numero)
VALUES (142, '61.264-215', 'PA', 'Duas Estradas', 'Pupunha', 'Av. 94', '59');

INSERT INTO Endereco(id, cep, estado, cidade, bairro, logradouro, numero)
VALUES (143, '04.265-583', 'MA', 'Nova Maringá', 'Limão siciliano', 'Rua 13', '33');

INSERT INTO Endereco(id, cep, estado, cidade, bairro, logradouro, numero)
VALUES (144, '19.266-002', 'DF', 'Bom Conselho', 'Banana Nanica', 'Av. 85', '68');

INSERT INTO Endereco(id, cep, estado, cidade, bairro, logradouro, numero)
VALUES (145, '90.267-015', 'SP', 'Caldas Brandão', 'Mexerica Rio', 'Rua 11', '49');

INSERT INTO Endereco(id, cep, estado, cidade, bairro, logradouro, numero)
VALUES (146, '25.268-202', 'SP', 'Coronel Barros', 'Macaúba', 'Rua 78', '67');

INSERT INTO Endereco(id, cep, estado, cidade, bairro, logradouro, numero)
VALUES (147, '36.269-730', 'RJ', 'Penedo', 'Abacaxi', 'Rua 37', '25');

INSERT INTO Endereco(id, cep, estado, cidade, bairro, logradouro, numero)
VALUES (148, '71.270-130', 'SC', 'Cordeiro', 'Pêra Williams', 'Rua 87', '49');

INSERT INTO Endereco(id, cep, estado, cidade, bairro, logradouro, numero)
VALUES (149, '20.271-626', 'SE', 'Cianorte', 'Tamarilu', 'Rua 13', '12');

INSERT INTO Endereco(id, cep, estado, cidade, bairro, logradouro, numero)
VALUES (150, '82.272-996', 'PE', 'Vila Valério', 'Calabaça', 'Av. 88', '63');

INSERT INTO Endereco(id, cep, estado, cidade, bairro, logradouro, numero)
VALUES (151, '79.273-364', 'SE', 'Licínio de Almeida', 'Cambucá', 'Av. 71', '90');

INSERT INTO Endereco(id, cep, estado, cidade, bairro, logradouro, numero)
VALUES (152, '72.274-083', 'RJ', 'Balneário Pinhal', 'Naranjilla', 'Av. 16', '73');

INSERT INTO Endereco(id, cep, estado, cidade, bairro, logradouro, numero)
VALUES (153, '81.275-930', 'AM', 'São Lourenço da Mata', 'Dendê', 'Rua 68', '88');

INSERT INTO Endereco(id, cep, estado, cidade, bairro, logradouro, numero)
VALUES (154, '15.276-177', 'RN', 'Itanhomi', 'Banana Maçã', 'Rua 45', '20');

INSERT INTO Endereco(id, cep, estado, cidade, bairro, logradouro, numero)
VALUES (155, '20.277-670', 'RN', 'Agrolândia', 'Tâmara', 'Av. 57', '66');

INSERT INTO Endereco(id, cep, estado, cidade, bairro, logradouro, numero)
VALUES (156, '69.278-874', 'RR', 'Tabaí', 'Café', 'Av. 66', '78');

INSERT INTO Endereco(id, cep, estado, cidade, bairro, logradouro, numero)
VALUES (157, '20.279-628', 'MS', 'São Valentim', 'Muruci', 'Rua 37', '42');

INSERT INTO Endereco(id, cep, estado, cidade, bairro, logradouro, numero)
VALUES (158, '70.280-472', 'SC', 'Ibiara', 'Jujuba', 'Rua 75', '26');

INSERT INTO Endereco(id, cep, estado, cidade, bairro, logradouro, numero)
VALUES (159, '16.281-524', 'PB', 'Antônio Almeida', 'Butiá', 'Av. 77', '20');

INSERT INTO Endereco(id, cep, estado, cidade, bairro, logradouro, numero)
VALUES (160, '03.282-562', 'PB', 'Malhada de Pedras', 'Amora', 'Av. 56', '72');

INSERT INTO Endereco(id, cep, estado, cidade, bairro, logradouro, numero)
VALUES (161, '93.283-975', 'ES', 'Baião', 'Carissa', 'Av. 24', '67');

INSERT INTO Endereco(id, cep, estado, cidade, bairro, logradouro, numero)
VALUES (162, '45.284-574', 'SE', 'Gramado Xavier', 'Sapoti', 'Rua 81', '24');

INSERT INTO Endereco(id, cep, estado, cidade, bairro, logradouro, numero)
VALUES (163, '97.285-242', 'RR', 'Laje', 'Jenipapo', 'Av. 39', '30');

INSERT INTO Endereco(id, cep, estado, cidade, bairro, logradouro, numero)
VALUES (164, '84.286-331', 'AP', 'Três Passos', 'Akee', 'Av. 51', '66');

INSERT INTO Endereco(id, cep, estado, cidade, bairro, logradouro, numero)
VALUES (165, '26.287-442', 'SE', 'Ubatã', 'Babaco', 'Rua 66', '54');

INSERT INTO Endereco(id, cep, estado, cidade, bairro, logradouro, numero)
VALUES (166, '15.288-168', 'RR', 'Campo Belo do Sul', 'Massala', 'Rua 34', '50');

INSERT INTO Endereco(id, cep, estado, cidade, bairro, logradouro, numero)
VALUES (167, '35.289-128', 'PA', 'São Pedro', 'Melancia branca', 'Rua 85', '71');

INSERT INTO Endereco(id, cep, estado, cidade, bairro, logradouro, numero)
VALUES (168, '17.290-565', 'MS', 'Lauro Müller', 'Naranjilla', 'Rua 60', '73');

INSERT INTO Endereco(id, cep, estado, cidade, bairro, logradouro, numero)
VALUES (169, '16.291-924', 'PE', 'Santana', 'Abricó', 'Av. 59', '43');

INSERT INTO Endereco(id, cep, estado, cidade, bairro, logradouro, numero)
VALUES (170, '71.292-219', 'TO', 'São José dos Campos', 'Cidra', 'Rua 80', '99');

INSERT INTO Endereco(id, cep, estado, cidade, bairro, logradouro, numero)
VALUES (171, '59.293-433', 'CE', 'Novo Horizonte do Norte', 'Uva japonesa', 'Rua 73', '96');

INSERT INTO Endereco(id, cep, estado, cidade, bairro, logradouro, numero)
VALUES (172, '94.294-156', 'PB', 'São João do Polêsine', 'Biriba', 'Av. 78', '45');

INSERT INTO Endereco(id, cep, estado, cidade, bairro, logradouro, numero)
VALUES (173, '71.295-223', 'RR', 'Nossa Senhora do Socorro', 'Acerola', 'Rua 28', '50');

INSERT INTO Endereco(id, cep, estado, cidade, bairro, logradouro, numero)
VALUES (174, '95.296-080', 'PA', 'Lacerdópolis', 'Amora silvestre', 'Rua 73', '10');

INSERT INTO Endereco(id, cep, estado, cidade, bairro, logradouro, numero)
VALUES (175, '18.297-636', 'TO', 'Grossos', 'Murcote', 'Rua 11', '39');

INSERT INTO Endereco(id, cep, estado, cidade, bairro, logradouro, numero)
VALUES (176, '05.298-187', 'CE', 'Angatuba', 'Banana Ouro', 'Av. 75', '58');

INSERT INTO Endereco(id, cep, estado, cidade, bairro, logradouro, numero)
VALUES (177, '05.299-426', 'BA', 'Marliéria', 'Bacupari', 'Av. 60', '72');

INSERT INTO Endereco(id, cep, estado, cidade, bairro, logradouro, numero)
VALUES (178, '36.300-056', 'RR', 'Valentim Gentil', 'Grumixama', 'Av. 22', '90');

INSERT INTO Endereco(id, cep, estado, cidade, bairro, logradouro, numero)
VALUES (179, '20.301-114', 'SC', 'Itaipé', 'Uxi', 'Rua 94', '55');

INSERT INTO Endereco(id, cep, estado, cidade, bairro, logradouro, numero)
VALUES (180, '24.302-018', 'MA', 'Lajes Pintadas', 'Physalis', 'Av. 73', '58');

INSERT INTO Endereco(id, cep, estado, cidade, bairro, logradouro, numero)
VALUES (181, '37.303-020', 'RS', 'Nova Andradina', 'Caqui', 'Av. 29', '45');

INSERT INTO Endereco(id, cep, estado, cidade, bairro, logradouro, numero)
VALUES (182, '45.304-012', 'AC', 'Querência', 'Cereja fresca', 'Rua 98', '95');

INSERT INTO Endereco(id, cep, estado, cidade, bairro, logradouro, numero)
VALUES (183, '44.305-631', 'RR', 'Belém do Brejo do Cruz', 'Cereja', 'Av. 83', '72');

INSERT INTO Endereco(id, cep, estado, cidade, bairro, logradouro, numero)
VALUES (184, '28.306-725', 'RJ', 'Santa Maria do Salto', 'Uva passa', 'Rua 42', '15');

INSERT INTO Endereco(id, cep, estado, cidade, bairro, logradouro, numero)
VALUES (185, '08.307-080', 'BA', 'Iporá', 'Pinhão', 'Av. 50', '52');

INSERT INTO Endereco(id, cep, estado, cidade, bairro, logradouro, numero)
VALUES (186, '49.308-907', 'ES', 'Antônio Gonçalves', 'Uva passa', 'Rua 44', '15');

INSERT INTO Endereco(id, cep, estado, cidade, bairro, logradouro, numero)
VALUES (187, '83.309-237', 'TO', 'Esplanada', 'Ameixa', 'Rua 17', '44');

INSERT INTO Endereco(id, cep, estado, cidade, bairro, logradouro, numero)
VALUES (188, '19.310-936', 'AL', 'Paraná', 'Abiu', 'Av. 17', '79');

INSERT INTO Endereco(id, cep, estado, cidade, bairro, logradouro, numero)
VALUES (189, '71.311-826', 'MT', 'Jaguaraçu', 'Cidra', 'Av. 71', '46');

INSERT INTO Endereco(id, cep, estado, cidade, bairro, logradouro, numero)
VALUES (190, '35.312-458', 'AM', 'São Pedro do Suaçuí', 'Goiaba vermelha', 'Rua 45', '45');

INSERT INTO Endereco(id, cep, estado, cidade, bairro, logradouro, numero)
VALUES (191, '51.313-681', 'MS', 'Itapeva', 'Uva niagara', 'Av. 77', '61');

INSERT INTO Endereco(id, cep, estado, cidade, bairro, logradouro, numero)
VALUES (192, '42.314-064', 'MG', 'Balsa Nova', 'Guaraná', 'Av. 57', '74');

INSERT INTO Endereco(id, cep, estado, cidade, bairro, logradouro, numero)
VALUES (193, '69.315-721', 'MA', 'Jeremoabo', 'Banana Nanica', 'Rua 91', '38');

INSERT INTO Endereco(id, cep, estado, cidade, bairro, logradouro, numero)
VALUES (194, '15.316-707', 'AP', 'Marumbi', 'Kiwi', 'Av. 17', '87');

INSERT INTO Endereco(id, cep, estado, cidade, bairro, logradouro, numero)
VALUES (195, '48.317-079', 'PE', 'Santo Antônio das Missões', 'Ingá', 'Av. 34', '59');

INSERT INTO Endereco(id, cep, estado, cidade, bairro, logradouro, numero)
VALUES (196, '05.318-324', 'AM', 'Rubelita', 'Maná - Cubiu', 'Rua 59', '57');

INSERT INTO Endereco(id, cep, estado, cidade, bairro, logradouro, numero)
VALUES (197, '08.319-015', 'RN', 'Novo Triunfo', 'Abricó', 'Av. 45', '97');

INSERT INTO Endereco(id, cep, estado, cidade, bairro, logradouro, numero)
VALUES (198, '21.320-566', 'SP', 'Nova Fátima', 'Cidra', 'Rua 80', '80');

INSERT INTO Endereco(id, cep, estado, cidade, bairro, logradouro, numero)
VALUES (199, '68.321-052', 'RO', 'Assaí', 'Guabiju', 'Rua 85', '74');

INSERT INTO Endereco(id, cep, estado, cidade, bairro, logradouro, numero)
VALUES (200, '87.322-018', 'AM', 'Mata Roma', 'Buriti', 'Rua 55', '93');

INSERT INTO Endereco(id, cep, estado, cidade, bairro, logradouro, numero)
VALUES (201, '78.323-533', 'RS', 'Buri', 'Caqui chocolate', 'Rua 39', '42');

INSERT INTO Endereco(id, cep, estado, cidade, bairro, logradouro, numero)
VALUES (202, '95.324-836', 'SE', 'Conselheiro Pena', 'Maçã Fuji', 'Rua 68', '56');

INSERT INTO Endereco(id, cep, estado, cidade, bairro, logradouro, numero)
VALUES (203, '30.325-569', 'MA', 'Joaquim Távora', 'Cereja', 'Rua 44', '66');

INSERT INTO Endereco(id, cep, estado, cidade, bairro, logradouro, numero)
VALUES (204, '79.326-703', 'RN', 'Guararema', 'Tâmara', 'Rua 88', '69');

INSERT INTO Endereco(id, cep, estado, cidade, bairro, logradouro, numero)
VALUES (205, '74.327-427', 'AL', 'Chalé', 'Blueberry', 'Rua 52', '94');

INSERT INTO Endereco(id, cep, estado, cidade, bairro, logradouro, numero)
VALUES (206, '85.328-476', 'MG', 'Pindaré-Mirim', 'Cambucá', 'Av. 36', '74');

INSERT INTO Endereco(id, cep, estado, cidade, bairro, logradouro, numero)
VALUES (207, '87.329-532', 'CE', 'Chaves', 'Cajá-manga', 'Av. 99', '31');

INSERT INTO Endereco(id, cep, estado, cidade, bairro, logradouro, numero)
VALUES (208, '30.330-676', 'SC', 'São Sebastião do Paraíso', 'Mamoncillo', 'Rua 37', '77');

INSERT INTO Endereco(id, cep, estado, cidade, bairro, logradouro, numero)
VALUES (209, '45.331-611', 'PE', 'Porto Alegre do Tocantins', 'Tucumã', 'Rua 74', '89');

INSERT INTO Endereco(id, cep, estado, cidade, bairro, logradouro, numero)
VALUES (210, '74.332-526', 'PR', 'Segredo', 'Toranja', 'Av. 74', '67');

INSERT INTO Endereco(id, cep, estado, cidade, bairro, logradouro, numero)
VALUES (211, '08.333-820', 'MA', 'Duas Barras', 'Jenipapo', 'Av. 20', '57');

INSERT INTO Endereco(id, cep, estado, cidade, bairro, logradouro, numero)
VALUES (212, '40.334-757', 'MA', 'Queimada Nova', 'Babaçu', 'Rua 64', '68');

INSERT INTO Endereco(id, cep, estado, cidade, bairro, logradouro, numero)
VALUES (213, '10.335-231', 'AC', 'Campos Novos Paulista', 'Xixa', 'Av. 96', '17');

INSERT INTO Endereco(id, cep, estado, cidade, bairro, logradouro, numero)
VALUES (214, '44.336-911', 'MT', 'Itapemirim', 'Pitomba', 'Av. 46', '85');

INSERT INTO Endereco(id, cep, estado, cidade, bairro, logradouro, numero)
VALUES (215, '19.337-814', 'MT', 'Osório', 'Fruta - Pão', 'Av. 56', '19');

INSERT INTO Endereco(id, cep, estado, cidade, bairro, logradouro, numero)
VALUES (216, '55.338-477', 'MS', 'Alto Feliz', 'Jaracatiá', 'Rua 89', '11');

INSERT INTO Endereco(id, cep, estado, cidade, bairro, logradouro, numero)
VALUES (217, '75.339-900', 'RR', 'Rio Bonito do Iguaçu', 'Murcote', 'Rua 14', '20');

INSERT INTO Endereco(id, cep, estado, cidade, bairro, logradouro, numero)
VALUES (218, '82.340-605', 'AM', 'Arapoti', 'Glicosmis', 'Rua 55', '36');

INSERT INTO Endereco(id, cep, estado, cidade, bairro, logradouro, numero)
VALUES (219, '06.341-464', 'DF', 'Guareí', 'Caqui paulista', 'Rua 40', '74');

INSERT INTO Endereco(id, cep, estado, cidade, bairro, logradouro, numero)
VALUES (220, '56.342-397', 'AC', 'Cândido de Abreu', 'Jambo branco', 'Rua 59', '24');

INSERT INTO Endereco(id, cep, estado, cidade, bairro, logradouro, numero)
VALUES (221, '31.343-611', 'SP', 'Populina', 'Wampi', 'Av. 38', '83');

INSERT INTO Endereco(id, cep, estado, cidade, bairro, logradouro, numero)
VALUES (222, '85.344-167', 'AC', 'Itarana', 'Lucuma', 'Av. 69', '65');

INSERT INTO Endereco(id, cep, estado, cidade, bairro, logradouro, numero)
VALUES (223, '32.345-113', 'RN', 'São Pedro do Iguaçu', 'Avelã', 'Av. 97', '36');

INSERT INTO Endereco(id, cep, estado, cidade, bairro, logradouro, numero)
VALUES (224, '94.346-351', 'CE', 'Santa Rita do Araguaia', 'Jambo rosa', 'Rua 31', '14');

INSERT INTO Endereco(id, cep, estado, cidade, bairro, logradouro, numero)
VALUES (225, '82.347-734', 'PE', 'Pocrane', 'Grapefruit rosa', 'Rua 24', '83');

INSERT INTO Endereco(id, cep, estado, cidade, bairro, logradouro, numero)
VALUES (226, '89.348-100', 'RJ', 'Brumado', 'Lichia', 'Av. 47', '85');

INSERT INTO Endereco(id, cep, estado, cidade, bairro, logradouro, numero)
VALUES (227, '60.349-295', 'MA', 'Aiuaba', 'Laranja pêra', 'Av. 39', '57');

INSERT INTO Endereco(id, cep, estado, cidade, bairro, logradouro, numero)
VALUES (228, '81.350-761', 'RR', 'Santana do Livramento', 'Camu-camu', 'Av. 91', '58');

INSERT INTO Endereco(id, cep, estado, cidade, bairro, logradouro, numero)
VALUES (229, '72.351-418', 'AM', 'Corumbaíba', 'Uva rubi', 'Rua 44', '51');

INSERT INTO Endereco(id, cep, estado, cidade, bairro, logradouro, numero)
VALUES (230, '51.352-474', 'SC', 'Itapema', 'Atemóia', 'Rua 65', '30');

INSERT INTO Endereco(id, cep, estado, cidade, bairro, logradouro, numero)
VALUES (231, '05.353-289', 'AC', 'Jaqueira', 'Tamarilu', 'Rua 55', '69');

INSERT INTO Endereco(id, cep, estado, cidade, bairro, logradouro, numero)
VALUES (232, '35.354-487', 'PA', 'Trindade do Sul', 'Laranja valência', 'Av. 28', '41');

INSERT INTO Endereco(id, cep, estado, cidade, bairro, logradouro, numero)
VALUES (233, '51.355-284', 'GO', 'Erval Seco', 'Abiu', 'Rua 98', '47');

INSERT INTO Endereco(id, cep, estado, cidade, bairro, logradouro, numero)
VALUES (234, '53.356-466', 'TO', 'Guaporé', 'Uva japonesa', 'Rua 39', '53');

INSERT INTO Endereco(id, cep, estado, cidade, bairro, logradouro, numero)
VALUES (235, '56.357-029', 'SP', 'Lupércio', 'Guajirú', 'Rua 97', '67');

INSERT INTO Endereco(id, cep, estado, cidade, bairro, logradouro, numero)
VALUES (236, '10.358-085', 'PB', 'Joviânia', 'Mamão formosa', 'Rua 86', '49');

INSERT INTO Endereco(id, cep, estado, cidade, bairro, logradouro, numero)
VALUES (237, '86.359-592', 'RJ', 'Posse', 'Durião', 'Av. 37', '41');

INSERT INTO Endereco(id, cep, estado, cidade, bairro, logradouro, numero)
VALUES (238, '16.360-075', 'PA', 'Floresta do Araguaia', 'Acerola', 'Av. 62', '88');

INSERT INTO Endereco(id, cep, estado, cidade, bairro, logradouro, numero)
VALUES (239, '18.361-626', 'PI', 'São Pedro de Alcântara', 'Cutite', 'Av. 13', '93');

INSERT INTO Endereco(id, cep, estado, cidade, bairro, logradouro, numero)
VALUES (240, '81.362-057', 'MS', 'Nova Canaã do Norte', 'Maná - Cubiu', 'Rua 73', '85');

INSERT INTO Endereco(id, cep, estado, cidade, bairro, logradouro, numero)
VALUES (241, '11.363-818', 'MS', 'Patu', 'Uvaia', 'Av. 82', '17');

INSERT INTO Endereco(id, cep, estado, cidade, bairro, logradouro, numero)
VALUES (242, '65.364-681', 'PA', 'Salto da Divisa', 'Cherimóia', 'Rua 16', '33');

INSERT INTO Endereco(id, cep, estado, cidade, bairro, logradouro, numero)
VALUES (243, '96.365-977', 'SC', 'Bela Vista da Caroba', 'Calabura', 'Rua 76', '24');

INSERT INTO Endereco(id, cep, estado, cidade, bairro, logradouro, numero)
VALUES (244, '83.366-904', 'AC', 'Mombaça', 'Granadilla', 'Av. 52', '90');

INSERT INTO Endereco(id, cep, estado, cidade, bairro, logradouro, numero)
VALUES (245, '98.367-871', 'AM', 'Caçu', 'Babaco', 'Rua 69', '64');

INSERT INTO Endereco(id, cep, estado, cidade, bairro, logradouro, numero)
VALUES (246, '60.368-781', 'RO', 'São Domingos', 'Pequi', 'Av. 61', '47');

INSERT INTO Endereco(id, cep, estado, cidade, bairro, logradouro, numero)
VALUES (247, '88.369-505', 'RS', 'Rochedo', 'Pêra Williams', 'Rua 67', '82');

INSERT INTO Endereco(id, cep, estado, cidade, bairro, logradouro, numero)
VALUES (248, '99.370-050', 'PB', 'Dona Eusébia', 'Cabeludinha', 'Av. 47', '43');

INSERT INTO Endereco(id, cep, estado, cidade, bairro, logradouro, numero)
VALUES (249, '49.371-616', 'RO', 'São João del-Rei', 'Uva passa', 'Rua 72', '96');

INSERT INTO Endereco(id, cep, estado, cidade, bairro, logradouro, numero)
VALUES (250, '34.372-605', 'TO', 'São João do Caru', 'Mamey', 'Rua 13', '70');

INSERT INTO Endereco(id, cep, estado, cidade, bairro, logradouro, numero)
VALUES (251, '69.373-945', 'PB', 'Jardim', 'Banana Pacova', 'Rua 69', '99');

INSERT INTO Endereco(id, cep, estado, cidade, bairro, logradouro, numero)
VALUES (252, '35.374-946', 'TO', 'Santa Cruz do Capibaribe', 'Champedaque', 'Rua 34', '41');

INSERT INTO Endereco(id, cep, estado, cidade, bairro, logradouro, numero)
VALUES (253, '65.375-792', 'CE', 'São Pedro da Aldeia', 'Dovyalis', 'Rua 72', '95');

INSERT INTO Endereco(id, cep, estado, cidade, bairro, logradouro, numero)
VALUES (254, '55.376-674', 'RJ', 'Lagoa Grande do Maranhão', 'Tomate Arbóreo', 'Av. 13', '76');

INSERT INTO Endereco(id, cep, estado, cidade, bairro, logradouro, numero)
VALUES (255, '31.377-277', 'RS', 'Campo Novo', 'Pulasan', 'Av. 48', '94');

INSERT INTO Endereco(id, cep, estado, cidade, bairro, logradouro, numero)
VALUES (256, '48.378-887', 'AM', 'Alto Rio Novo', 'Caju', 'Av. 98', '35');

INSERT INTO Endereco(id, cep, estado, cidade, bairro, logradouro, numero)
VALUES (257, '62.379-139', 'MS', 'Estrela do Indaiá', 'Tucumã', 'Rua 64', '11');

INSERT INTO Endereco(id, cep, estado, cidade, bairro, logradouro, numero)
VALUES (258, '56.380-938', 'RO', 'Irapuã', 'Banana prata', 'Rua 33', '38');

INSERT INTO Endereco(id, cep, estado, cidade, bairro, logradouro, numero)
VALUES (259, '74.381-342', 'MS', 'Paulino Neves', 'Goiaba vermelha', 'Av. 49', '14');

INSERT INTO Endereco(id, cep, estado, cidade, bairro, logradouro, numero)
VALUES (260, '48.382-126', 'GO', 'Angelândia', 'Calamondin', 'Av. 62', '45');

INSERT INTO Endereco(id, cep, estado, cidade, bairro, logradouro, numero)
VALUES (261, '07.383-760', 'PB', 'Barão do Triunfo', 'Caqui', 'Rua 26', '54');

INSERT INTO Endereco(id, cep, estado, cidade, bairro, logradouro, numero)
VALUES (262, '49.384-515', 'ES', 'São Luís do Curu', 'Tâmara natural', 'Rua 91', '59');

INSERT INTO Endereco(id, cep, estado, cidade, bairro, logradouro, numero)
VALUES (263, '75.385-999', 'GO', 'Quinze de Novembro', 'Goiaba branca', 'Rua 95', '87');

INSERT INTO Endereco(id, cep, estado, cidade, bairro, logradouro, numero)
VALUES (264, '33.386-038', 'DF', 'Lajinha', 'Calabura', 'Av. 63', '30');

INSERT INTO Endereco(id, cep, estado, cidade, bairro, logradouro, numero)
VALUES (265, '38.387-912', 'PR', 'Piedade do Rio Grande', 'Maçaranduba', 'Rua 78', '56');

INSERT INTO Endereco(id, cep, estado, cidade, bairro, logradouro, numero)
VALUES (266, '17.388-824', 'MT', 'Piedade', 'Groselha vermelha', 'Rua 11', '22');

INSERT INTO Endereco(id, cep, estado, cidade, bairro, logradouro, numero)
VALUES (267, '77.389-630', 'RO', 'Salto Veloso', 'Banana figo', 'Rua 82', '44');

INSERT INTO Endereco(id, cep, estado, cidade, bairro, logradouro, numero)
VALUES (268, '63.390-522', 'PR', 'Itaporã do Tocantins', 'Jambolão', 'Av. 83', '21');

INSERT INTO Endereco(id, cep, estado, cidade, bairro, logradouro, numero)
VALUES (269, '51.391-688', 'ES', 'Maripá', 'Castanha do pará', 'Rua 63', '98');

INSERT INTO Endereco(id, cep, estado, cidade, bairro, logradouro, numero)
VALUES (270, '93.392-242', 'TO', 'Manicoré', 'Fruta - Pão', 'Rua 65', '24');

INSERT INTO Endereco(id, cep, estado, cidade, bairro, logradouro, numero)
VALUES (271, '83.393-328', 'MS', 'Machado', 'Avocadoe', 'Rua 70', '74');

INSERT INTO Endereco(id, cep, estado, cidade, bairro, logradouro, numero)
VALUES (272, '03.394-024', 'SC', 'Taparuba', 'Caraguata', 'Rua 66', '75');

INSERT INTO Endereco(id, cep, estado, cidade, bairro, logradouro, numero)
VALUES (273, '05.395-846', 'PI', 'Juruti', 'Macadâmia', 'Rua 33', '91');

INSERT INTO Endereco(id, cep, estado, cidade, bairro, logradouro, numero)
VALUES (274, '06.396-807', 'DF', 'Elisiário', 'Murcote', 'Rua 19', '84');

INSERT INTO Endereco(id, cep, estado, cidade, bairro, logradouro, numero)
VALUES (275, '53.397-781', 'AL', 'Jaru', 'Banana Nanica', 'Av. 60', '50');

INSERT INTO Endereco(id, cep, estado, cidade, bairro, logradouro, numero)
VALUES (276, '32.398-552', 'MG', 'Porto Vitória', 'Uva itália', 'Av. 31', '99');

INSERT INTO Endereco(id, cep, estado, cidade, bairro, logradouro, numero)
VALUES (277, '19.399-779', 'ES', 'Itacaré', 'Uvalha', 'Av. 47', '72');

INSERT INTO Endereco(id, cep, estado, cidade, bairro, logradouro, numero)
VALUES (278, '13.400-253', 'AP', 'Aguaí', 'Melancia amarela', 'Rua 85', '89');

INSERT INTO Endereco(id, cep, estado, cidade, bairro, logradouro, numero)
VALUES (279, '48.401-344', 'GO', 'Nova Araçá', 'Tâmara', 'Rua 18', '99');

INSERT INTO Endereco(id, cep, estado, cidade, bairro, logradouro, numero)
VALUES (280, '93.402-345', 'AP', 'Bernardino de Campos', 'Akee', 'Av. 46', '81');

INSERT INTO Endereco(id, cep, estado, cidade, bairro, logradouro, numero)
VALUES (281, '29.403-429', 'RO', 'Leópolis', 'Kiwi', 'Rua 81', '83');

INSERT INTO Endereco(id, cep, estado, cidade, bairro, logradouro, numero)
VALUES (282, '77.404-621', 'RR', 'São José do Mantimento', 'Jambo branco', 'Rua 60', '63');

INSERT INTO Endereco(id, cep, estado, cidade, bairro, logradouro, numero)
VALUES (283, '91.405-660', 'PE', 'Tururu', 'Tamarilu', 'Rua 80', '25');

INSERT INTO Endereco(id, cep, estado, cidade, bairro, logradouro, numero)
VALUES (284, '52.406-688', 'BA', 'Conselheiro Mairinck', 'Figo da índia vermelho', 'Rua 83', '83');

INSERT INTO Endereco(id, cep, estado, cidade, bairro, logradouro, numero)
VALUES (285, '68.407-030', 'RR', 'Campo Azul', 'Mamão formosa', 'Av. 32', '71');

INSERT INTO Endereco(id, cep, estado, cidade, bairro, logradouro, numero)
VALUES (286, '10.408-246', 'RR', 'Quadra', 'Mamão papaia', 'Rua 57', '94');

INSERT INTO Endereco(id, cep, estado, cidade, bairro, logradouro, numero)
VALUES (287, '84.409-122', 'RN', 'Bocaina de Minas', 'Naranjilla', 'Rua 95', '13');

INSERT INTO Endereco(id, cep, estado, cidade, bairro, logradouro, numero)
VALUES (288, '36.410-961', 'PR', 'Serra Preta', 'Cupuaçu', 'Rua 22', '89');

INSERT INTO Endereco(id, cep, estado, cidade, bairro, logradouro, numero)
VALUES (289, '57.411-821', 'MT', 'São Gonçalo do Amarante', 'Pequi', 'Av. 34', '23');

INSERT INTO Endereco(id, cep, estado, cidade, bairro, logradouro, numero)
VALUES (290, '04.412-846', 'GO', 'Pires do Rio', 'Frutas do Cerrado', 'Av. 87', '81');

INSERT INTO Endereco(id, cep, estado, cidade, bairro, logradouro, numero)
VALUES (291, '44.413-487', 'AC', 'Palestina', 'Atemóia', 'Rua 53', '48');

INSERT INTO Endereco(id, cep, estado, cidade, bairro, logradouro, numero)
VALUES (292, '84.414-942', 'RN', 'Diadema', 'Bilimbi', 'Rua 36', '37');

INSERT INTO Endereco(id, cep, estado, cidade, bairro, logradouro, numero)
VALUES (293, '74.415-856', 'RN', 'São Patrício', 'Graviola', 'Rua 34', '16');

INSERT INTO Endereco(id, cep, estado, cidade, bairro, logradouro, numero)
VALUES (294, '11.416-496', 'MT', 'Matão', 'Glicosmis', 'Av. 12', '64');

INSERT INTO Endereco(id, cep, estado, cidade, bairro, logradouro, numero)
VALUES (295, '41.417-527', 'SE', 'Silveirânia', 'Babaçu', 'Av. 56', '97');

INSERT INTO Endereco(id, cep, estado, cidade, bairro, logradouro, numero)
VALUES (296, '20.418-351', 'RR', 'Tapauá', 'Jamelão', 'Av. 64', '19');

INSERT INTO Endereco(id, cep, estado, cidade, bairro, logradouro, numero)
VALUES (297, '96.419-995', 'MG', 'Carbonita', 'Uva niagara', 'Av. 45', '10');

INSERT INTO Endereco(id, cep, estado, cidade, bairro, logradouro, numero)
VALUES (298, '40.420-417', 'DF', 'Guiratinga', 'Guabiroba', 'Rua 42', '94');

INSERT INTO Endereco(id, cep, estado, cidade, bairro, logradouro, numero)
VALUES (299, '23.421-590', 'DF', 'Ituberá', 'Cajá-manga', 'Av. 37', '40');

INSERT INTO Endereco(id, cep, estado, cidade, bairro, logradouro, numero)
VALUES (300, '96.422-647', 'MA', 'Entre Rios', 'Camu-camu', 'Rua 64', '30');

INSERT INTO Endereco(id, cep, estado, cidade, bairro, logradouro, numero)
VALUES (301, '56.423-672', 'DF', 'Buriti', 'Pitomba', 'Rua 53', '90');

INSERT INTO Endereco(id, cep, estado, cidade, bairro, logradouro, numero)
VALUES (302, '86.424-956', 'PI', 'Nova Belém', 'Pêssego', 'Av. 63', '67');

INSERT INTO Endereco(id, cep, estado, cidade, bairro, logradouro, numero)
VALUES (303, '43.425-345', 'SC', 'Eusébio', 'Limão tahiti', 'Rua 94', '91');

INSERT INTO Endereco(id, cep, estado, cidade, bairro, logradouro, numero)
VALUES (304, '58.426-389', 'PE', 'Campo Grande', 'Murcote', 'Av. 83', '55');

INSERT INTO Endereco(id, cep, estado, cidade, bairro, logradouro, numero)
VALUES (305, '65.427-995', 'PR', 'Elói Mendes', 'Banana Ouro', 'Rua 12', '54');

INSERT INTO Endereco(id, cep, estado, cidade, bairro, logradouro, numero)
VALUES (306, '51.428-324', 'PE', 'Águas Frias', 'Mexerica Rio', 'Rua 32', '48');

INSERT INTO Endereco(id, cep, estado, cidade, bairro, logradouro, numero)
VALUES (307, '97.429-318', 'AC', 'Carlos Gomes', 'Abricó', 'Av. 97', '29');

INSERT INTO Endereco(id, cep, estado, cidade, bairro, logradouro, numero)
VALUES (308, '69.430-841', 'SP', 'Ibirapitanga', 'Jambo amarelo', 'Rua 21', '74');

INSERT INTO Endereco(id, cep, estado, cidade, bairro, logradouro, numero)
VALUES (309, '51.431-271', 'RR', 'Pedras Grandes', 'Macaúba', 'Av. 69', '52');

INSERT INTO Endereco(id, cep, estado, cidade, bairro, logradouro, numero)
VALUES (310, '74.432-504', 'MA', 'Tunápolis', 'Jaca', 'Rua 19', '41');

INSERT INTO Endereco(id, cep, estado, cidade, bairro, logradouro, numero)
VALUES (311, '92.433-788', 'DF', 'Irupi', 'Caqui chocolate', 'Av. 26', '68');

INSERT INTO Endereco(id, cep, estado, cidade, bairro, logradouro, numero)
VALUES (312, '01.434-506', 'RO', 'Ibicuí', 'Jatobáá', 'Rua 72', '17');

INSERT INTO Endereco(id, cep, estado, cidade, bairro, logradouro, numero)
VALUES (313, '95.435-787', 'PB', 'Piratininga', 'Cagaita', 'Av. 43', '12');

INSERT INTO Endereco(id, cep, estado, cidade, bairro, logradouro, numero)
VALUES (314, '91.436-323', 'PE', 'São Pedro da Água Branca', 'Coco fresco', 'Av. 40', '83');

INSERT INTO Endereco(id, cep, estado, cidade, bairro, logradouro, numero)
VALUES (315, '16.437-067', 'AC', 'Alfredo Vasconcelos', 'Avocadoe', 'Av. 66', '84');

INSERT INTO Endereco(id, cep, estado, cidade, bairro, logradouro, numero)
VALUES (316, '91.438-637', 'RR', 'Itapirapuã Paulista', 'Limão', 'Rua 22', '94');

INSERT INTO Endereco(id, cep, estado, cidade, bairro, logradouro, numero)
VALUES (317, '37.439-676', 'CE', 'Rolândia', 'Cereja fresca', 'Av. 75', '71');

INSERT INTO Endereco(id, cep, estado, cidade, bairro, logradouro, numero)
VALUES (318, '60.440-062', 'PR', 'Artur Nogueira', 'Manga', 'Av. 28', '16');

INSERT INTO Endereco(id, cep, estado, cidade, bairro, logradouro, numero)
VALUES (319, '33.441-766', 'PE', 'Floresta Azul', 'Caqui japonês', 'Av. 41', '41');

INSERT INTO Endereco(id, cep, estado, cidade, bairro, logradouro, numero)
VALUES (320, '72.442-223', 'MS', 'Nova União', 'Mamey', 'Rua 99', '15');

INSERT INTO Endereco(id, cep, estado, cidade, bairro, logradouro, numero)
VALUES (321, '74.443-212', 'MA', 'Ibiporã', 'Cajá', 'Av. 28', '37');

INSERT INTO Endereco(id, cep, estado, cidade, bairro, logradouro, numero)
VALUES (322, '09.444-947', 'ES', 'Gavião Peixoto', 'Sapota', 'Rua 25', '92');

INSERT INTO Endereco(id, cep, estado, cidade, bairro, logradouro, numero)
VALUES (323, '10.445-979', 'TO', 'Pedro Laurentino', 'Uva niagara', 'Av. 62', '23');

INSERT INTO Endereco(id, cep, estado, cidade, bairro, logradouro, numero)
VALUES (324, '44.446-273', 'MG', 'Atalaia', 'Cereja', 'Rua 42', '25');

INSERT INTO Endereco(id, cep, estado, cidade, bairro, logradouro, numero)
VALUES (325, '33.447-197', 'MT', 'Colniza', 'Murici', 'Rua 74', '48');

INSERT INTO Endereco(id, cep, estado, cidade, bairro, logradouro, numero)
VALUES (326, '27.448-191', 'GO', 'Magda', 'Salak', 'Rua 24', '98');

INSERT INTO Endereco(id, cep, estado, cidade, bairro, logradouro, numero)
VALUES (327, '54.449-833', 'ES', 'Jussara', 'Cardo branco', 'Rua 67', '70');

INSERT INTO Endereco(id, cep, estado, cidade, bairro, logradouro, numero)
VALUES (328, '00.450-855', 'RS', 'Formosa do Oeste', 'Ilama', 'Av. 20', '41');

INSERT INTO Endereco(id, cep, estado, cidade, bairro, logradouro, numero)
VALUES (329, '04.451-820', 'RR', 'Mãe d’Água', 'Taperebá', 'Av. 75', '89');

INSERT INTO Endereco(id, cep, estado, cidade, bairro, logradouro, numero)
VALUES (330, '34.452-954', 'PB', 'Pereiro', 'Açaí', 'Av. 58', '86');

INSERT INTO Endereco(id, cep, estado, cidade, bairro, logradouro, numero)
VALUES (331, '42.453-003', 'ES', 'São Sebastião do Alto', 'Ilama', 'Rua 12', '71');

INSERT INTO Endereco(id, cep, estado, cidade, bairro, logradouro, numero)
VALUES (332, '40.454-948', 'GO', 'Aliança', 'Pêra Park', 'Rua 54', '91');

INSERT INTO Endereco(id, cep, estado, cidade, bairro, logradouro, numero)
VALUES (333, '67.455-254', 'PE', 'Serraria', 'Jenipapo', 'Rua 96', '61');

INSERT INTO Endereco(id, cep, estado, cidade, bairro, logradouro, numero)
VALUES (334, '53.456-409', 'MA', 'Espigão Alto do Iguaçu', 'Amora', 'Av. 53', '61');

INSERT INTO Endereco(id, cep, estado, cidade, bairro, logradouro, numero)
VALUES (335, '00.457-587', 'PA', 'Balsas', 'Kiwi', 'Rua 71', '59');

INSERT INTO Endereco(id, cep, estado, cidade, bairro, logradouro, numero)
VALUES (336, '49.458-612', 'MT', 'Nova Guarita', 'Santol', 'Av. 84', '77');

INSERT INTO Endereco(id, cep, estado, cidade, bairro, logradouro, numero)
VALUES (337, '59.459-449', 'DF', 'Urupês', 'Goiaba', 'Rua 88', '25');

INSERT INTO Endereco(id, cep, estado, cidade, bairro, logradouro, numero)
VALUES (338, '86.460-296', 'ES', 'Guarulhos', 'Caqui', 'Rua 73', '23');

INSERT INTO Endereco(id, cep, estado, cidade, bairro, logradouro, numero)
VALUES (339, '03.461-998', 'AP', 'Juranda', 'Durião', 'Rua 83', '48');

INSERT INTO Endereco(id, cep, estado, cidade, bairro, logradouro, numero)
VALUES (340, '08.462-186', 'AC', 'Itupeva', 'Bilimbi', 'Rua 83', '27');

INSERT INTO Endereco(id, cep, estado, cidade, bairro, logradouro, numero)
VALUES (341, '23.463-563', 'MT', 'Jequeri', 'Jujuba', 'Rua 78', '95');

INSERT INTO Endereco(id, cep, estado, cidade, bairro, logradouro, numero)
VALUES (342, '35.464-171', 'GO', 'Abaetetuba', 'Blueberry', 'Rua 37', '19');

INSERT INTO Endereco(id, cep, estado, cidade, bairro, logradouro, numero)
VALUES (343, '35.465-228', 'RR', 'Bom Jesus', 'Fruta - Pão', 'Av. 15', '54');

INSERT INTO Endereco(id, cep, estado, cidade, bairro, logradouro, numero)
VALUES (344, '32.466-110', 'PE', 'Sem-Peixe', 'Melancia branca', 'Rua 48', '15');

INSERT INTO Endereco(id, cep, estado, cidade, bairro, logradouro, numero)
VALUES (345, '01.467-486', 'RS', 'Nova Roma', 'Avocadoe', 'Av. 73', '19');

INSERT INTO Endereco(id, cep, estado, cidade, bairro, logradouro, numero)
VALUES (346, '49.468-432', 'MS', 'Pinheiros', 'Jenipapo', 'Rua 78', '35');

INSERT INTO Endereco(id, cep, estado, cidade, bairro, logradouro, numero)
VALUES (347, '82.469-018', 'DF', 'Ituporanga', 'Gabiroba', 'Av. 21', '97');

INSERT INTO Endereco(id, cep, estado, cidade, bairro, logradouro, numero)
VALUES (348, '97.470-590', 'MT', 'Ipaporanga', 'Mabolo', 'Rua 43', '55');

INSERT INTO Endereco(id, cep, estado, cidade, bairro, logradouro, numero)
VALUES (349, '69.471-392', 'AC', 'Olho d’Água Grande', 'Pitanga', 'Av. 51', '21');

INSERT INTO Endereco(id, cep, estado, cidade, bairro, logradouro, numero)
VALUES (350, '26.472-738', 'RJ', 'Contenda', 'Salak', 'Rua 98', '51');

INSERT INTO Endereco(id, cep, estado, cidade, bairro, logradouro, numero)
VALUES (351, '91.473-720', 'PI', 'Ariranha do Ivaí', 'Pulasan', 'Rua 31', '86');

INSERT INTO Endereco(id, cep, estado, cidade, bairro, logradouro, numero)
VALUES (352, '01.474-855', 'ES', 'Buriti', 'Guabiju', 'Rua 55', '73');

INSERT INTO Endereco(id, cep, estado, cidade, bairro, logradouro, numero)
VALUES (353, '12.475-062', 'MA', 'Jaboti', 'Melancia', 'Rua 13', '26');

INSERT INTO Endereco(id, cep, estado, cidade, bairro, logradouro, numero)
VALUES (354, '63.476-885', 'RN', 'Pracinha', 'Goiaba branca', 'Av. 33', '48');

INSERT INTO Endereco(id, cep, estado, cidade, bairro, logradouro, numero)
VALUES (355, '98.477-454', 'RO', 'Tracuateua', 'Jabuticaba branca', 'Av. 44', '17');

INSERT INTO Endereco(id, cep, estado, cidade, bairro, logradouro, numero)
VALUES (356, '14.478-384', 'AP', 'Itaguari', 'Carambola', 'Rua 93', '34');

INSERT INTO Endereco(id, cep, estado, cidade, bairro, logradouro, numero)
VALUES (357, '56.479-081', 'SP', 'Brumado', 'Kiwi', 'Av. 44', '37');

INSERT INTO Endereco(id, cep, estado, cidade, bairro, logradouro, numero)
VALUES (358, '74.480-738', 'MT', 'Setubinha', 'Melancia', 'Av. 79', '49');

INSERT INTO Endereco(id, cep, estado, cidade, bairro, logradouro, numero)
VALUES (359, '32.481-608', 'RJ', 'Cascalho Rico', 'Macaúba', 'Av. 69', '10');

INSERT INTO Endereco(id, cep, estado, cidade, bairro, logradouro, numero)
VALUES (360, '43.482-688', 'TO', 'Condado', 'Achachairu', 'Rua 86', '65');

INSERT INTO Endereco(id, cep, estado, cidade, bairro, logradouro, numero)
VALUES (361, '88.483-260', 'BA', 'Sabará', 'Maçã', 'Av. 48', '79');

INSERT INTO Endereco(id, cep, estado, cidade, bairro, logradouro, numero)
VALUES (362, '67.484-405', 'RO', 'Cambuci', 'Avocadoe', 'Rua 39', '40');

INSERT INTO Endereco(id, cep, estado, cidade, bairro, logradouro, numero)
VALUES (363, '21.485-728', 'PR', 'Aramina', 'Banana Nanica', 'Av. 48', '84');

INSERT INTO Endereco(id, cep, estado, cidade, bairro, logradouro, numero)
VALUES (364, '40.486-330', 'PR', 'Colniza', 'Marang', 'Av. 16', '33');

INSERT INTO Endereco(id, cep, estado, cidade, bairro, logradouro, numero)
VALUES (365, '56.487-265', 'AM', 'General Carneiro', 'Tâmara natural', 'Av. 94', '32');

INSERT INTO Endereco(id, cep, estado, cidade, bairro, logradouro, numero)
VALUES (366, '57.488-716', 'CE', 'Igarapé do Meio', 'Uva itália', 'Av. 30', '26');

INSERT INTO Endereco(id, cep, estado, cidade, bairro, logradouro, numero)
VALUES (367, '08.489-244', 'AC', 'Aroazes', 'Maçaranduba', 'Rua 53', '71');

INSERT INTO Endereco(id, cep, estado, cidade, bairro, logradouro, numero)
VALUES (368, '54.490-527', 'MS', 'Ribeirão do Largo', 'Licuri', 'Rua 48', '15');

INSERT INTO Endereco(id, cep, estado, cidade, bairro, logradouro, numero)
VALUES (369, '80.491-265', 'DF', 'Dois Irmãos', 'Bilimbi', 'Av. 86', '94');

INSERT INTO Endereco(id, cep, estado, cidade, bairro, logradouro, numero)
VALUES (370, '65.492-614', 'AL', 'Senhora de Oliveira', 'Tangerina Poncâ', 'Av. 22', '52');

INSERT INTO Endereco(id, cep, estado, cidade, bairro, logradouro, numero)
VALUES (371, '54.493-963', 'GO', 'Santo Antônio do Aracanguá', 'Guaraná', 'Av. 23', '22');

INSERT INTO Endereco(id, cep, estado, cidade, bairro, logradouro, numero)
VALUES (372, '08.494-107', 'PR', 'Delta', 'Calamondin', 'Rua 53', '27');

INSERT INTO Endereco(id, cep, estado, cidade, bairro, logradouro, numero)
VALUES (373, '53.495-107', 'MG', 'Alcantil', 'Lichia', 'Rua 39', '71');

INSERT INTO Endereco(id, cep, estado, cidade, bairro, logradouro, numero)
VALUES (374, '87.496-791', 'RO', 'Esperantina', 'Figo', 'Av. 88', '78');

INSERT INTO Endereco(id, cep, estado, cidade, bairro, logradouro, numero)
VALUES (375, '63.497-426', 'SP', 'Apucarana', 'Banana prata', 'Rua 77', '58');

INSERT INTO Endereco(id, cep, estado, cidade, bairro, logradouro, numero)
VALUES (376, '84.498-487', 'AL', 'Iracema', 'Murici', 'Rua 58', '96');

INSERT INTO Endereco(id, cep, estado, cidade, bairro, logradouro, numero)
VALUES (377, '17.499-280', 'PR', 'Porto da Folha', 'Pêra Williams', 'Av. 47', '56');

INSERT INTO Endereco(id, cep, estado, cidade, bairro, logradouro, numero)
VALUES (378, '49.500-267', 'MA', 'Campos Belos', 'Uva rubi', 'Av. 60', '78');

INSERT INTO Endereco(id, cep, estado, cidade, bairro, logradouro, numero)
VALUES (379, '05.501-766', 'RS', 'Xinguara', 'Camu - Camu', 'Av. 38', '93');

INSERT INTO Endereco(id, cep, estado, cidade, bairro, logradouro, numero)
VALUES (380, '22.502-666', 'RS', 'Chã Preta', 'Calamondin', 'Rua 23', '72');

INSERT INTO Endereco(id, cep, estado, cidade, bairro, logradouro, numero)
VALUES (381, '45.503-803', 'AP', 'Picuí', 'Mamão formosa', 'Av. 95', '23');

INSERT INTO Endereco(id, cep, estado, cidade, bairro, logradouro, numero)
VALUES (382, '49.504-090', 'PI', 'Bebedouro', 'Pupunha', 'Rua 96', '59');

INSERT INTO Endereco(id, cep, estado, cidade, bairro, logradouro, numero)
VALUES (383, '44.505-453', 'AC', 'Orindiúva', 'Caraguata', 'Rua 27', '32');

INSERT INTO Endereco(id, cep, estado, cidade, bairro, logradouro, numero)
VALUES (384, '45.506-465', 'MT', 'Irati', 'Castanha portuguesa', 'Av. 59', '55');

INSERT INTO Endereco(id, cep, estado, cidade, bairro, logradouro, numero)
VALUES (385, '57.507-282', 'CE', 'Almas', 'Rambutão', 'Av. 83', '76');

INSERT INTO Endereco(id, cep, estado, cidade, bairro, logradouro, numero)
VALUES (386, '96.508-228', 'MG', 'Santa Cruz do Piauí', 'Cambuci', 'Av. 12', '79');

INSERT INTO Endereco(id, cep, estado, cidade, bairro, logradouro, numero)
VALUES (387, '28.509-656', 'PE', 'Belmonte', 'Lucuma', 'Av. 98', '99');

INSERT INTO Endereco(id, cep, estado, cidade, bairro, logradouro, numero)
VALUES (388, '21.510-827', 'PE', 'Ibiara', 'Wampi', 'Rua 34', '20');

INSERT INTO Endereco(id, cep, estado, cidade, bairro, logradouro, numero)
VALUES (389, '15.511-102', 'AP', 'Barueri', 'Pêra', 'Rua 36', '72');

INSERT INTO Endereco(id, cep, estado, cidade, bairro, logradouro, numero)
VALUES (390, '90.512-582', 'SP', 'Ibitiara', 'Umbu', 'Rua 30', '51');

INSERT INTO Endereco(id, cep, estado, cidade, bairro, logradouro, numero)
VALUES (391, '92.513-240', 'AC', 'Anamã', 'Cubiu', 'Rua 80', '83');

INSERT INTO Endereco(id, cep, estado, cidade, bairro, logradouro, numero)
VALUES (392, '28.514-644', 'PI', 'Estância', 'Abiu', 'Av. 30', '53');

INSERT INTO Endereco(id, cep, estado, cidade, bairro, logradouro, numero)
VALUES (393, '35.515-804', 'AL', 'Novo Hamburgo', 'Fruta - Pão', 'Rua 94', '35');

INSERT INTO Endereco(id, cep, estado, cidade, bairro, logradouro, numero)
VALUES (394, '34.516-507', 'RN', 'Embu-Guaçu', 'Champedaque', 'Av. 48', '86');

INSERT INTO Endereco(id, cep, estado, cidade, bairro, logradouro, numero)
VALUES (395, '54.517-498', 'SC', 'Rio Rufino', 'Gabiroba', 'Av. 40', '25');

INSERT INTO Endereco(id, cep, estado, cidade, bairro, logradouro, numero)
VALUES (396, '25.518-697', 'MA', 'Camamu', 'Pêra', 'Rua 62', '23');

INSERT INTO Endereco(id, cep, estado, cidade, bairro, logradouro, numero)
VALUES (397, '27.519-246', 'AC', 'Barão de Melgaço', 'Butiá', 'Rua 28', '53');

INSERT INTO Endereco(id, cep, estado, cidade, bairro, logradouro, numero)
VALUES (398, '26.520-245', 'RR', 'Jatobá', 'Dovyalis', 'Rua 32', '90');

INSERT INTO Endereco(id, cep, estado, cidade, bairro, logradouro, numero)
VALUES (399, '62.521-621', 'PB', 'Nova Lima', 'Banana Pacova', 'Rua 33', '61');

INSERT INTO Endereco(id, cep, estado, cidade, bairro, logradouro, numero)
VALUES (400, '57.522-309', 'MA', 'Ibirubá', 'Frutas do Cerrado', 'Rua 23', '26');

-- Popula a tabela Motorista.

INSERT INTO Motorista(id, cpf, nome, cnh, rg, telefone, endereco_id, veiculo_id)
VALUES (1, '418.233.499-65', 'Rashad Romer', '60601537352', '8283217', '(62)3848-2245', 1, 1);

INSERT INTO Motorista(id, cpf, nome, cnh, rg, telefone, endereco_id, veiculo_id)
VALUES (2, '102.234.115-43', 'Teresa Tant', '82501544935', '1263223', '(23)3067-8984', 2, 2);

INSERT INTO Motorista(id, cpf, nome, cnh, rg, telefone, endereco_id, veiculo_id)
VALUES (3, '303.235.659-81', 'Kyoko Korn', '50861554992', '3643235', '(12)3022-3620', 3, 3);

INSERT INTO Motorista(id, cpf, nome, cnh, rg, telefone, endereco_id, veiculo_id)
VALUES (4, '501.236.585-65', 'Latonya Leaman', '54441569481', '5333244', '(39)3482-7924', 4, 4);

INSERT INTO Motorista(id, cpf, nome, cnh, rg, telefone, endereco_id, veiculo_id)
VALUES (5, '080.237.020-16', 'Luigi Lamay', '92131570617', '5863251', '(52)3735-8938', 5, 5);

INSERT INTO Motorista(id, cpf, nome, cnh, rg, telefone, endereco_id, veiculo_id)
VALUES (6, '574.238.476-55', 'Suzanne Scola', '40961581504', '9963268', '(34)3430-4695', 6, 6);

INSERT INTO Motorista(id, cpf, nome, cnh, rg, telefone, endereco_id, veiculo_id)
VALUES (7, '110.239.129-12', 'Tabitha Tunnell', '66541595601', '8763271', '(83)3112-3860', 7, 7);

INSERT INTO Motorista(id, cpf, nome, cnh, rg, telefone, endereco_id, veiculo_id)
VALUES (8, '716.240.484-53', 'Lonny Lacasse', '61701606895', '1263288', '(27)3125-4236', 8, 8);

INSERT INTO Motorista(id, cpf, nome, cnh, rg, telefone, endereco_id, veiculo_id)
VALUES (9, '777.241.168-67', 'Tangela Trowbridge', '93981614116', '7793295', '(46)3708-2679', 9, 9);

INSERT INTO Motorista(id, cpf, nome, cnh, rg, telefone, endereco_id, veiculo_id)
VALUES (10, '903.242.578-84', 'Theressa Tarkington', '16561625961', '2853309', '(14)3670-3558', 10, 10);

INSERT INTO Motorista(id, cpf, nome, cnh, rg, telefone, endereco_id, veiculo_id)
VALUES (11, '469.243.672-04', 'Bettye Beaubien', '90771630176', '2513316', '(73)3142-7876', 11, 11);

INSERT INTO Motorista(id, cpf, nome, cnh, rg, telefone, endereco_id, veiculo_id)
VALUES (12, '740.244.689-23', 'Sung Southall', '36181648102', '9203324', '(95)3917-8881', 12, 12);

INSERT INTO Motorista(id, cpf, nome, cnh, rg, telefone, endereco_id, veiculo_id)
VALUES (13, '677.245.304-07', 'Leighann Logan', '83171651917', '6853330', '(45)3078-9141', 13, 13);

INSERT INTO Motorista(id, cpf, nome, cnh, rg, telefone, endereco_id, veiculo_id)
VALUES (14, '645.246.177-56', 'Avery Almanzar', '38691669027', '6953347', '(28)3283-7106', 14, 14);

INSERT INTO Motorista(id, cpf, nome, cnh, rg, telefone, endereco_id, veiculo_id)
VALUES (15, '714.247.340-05', 'Horace Huber', '27291672093', '8143351', '(42)3573-5690', 15, 15);

INSERT INTO Motorista(id, cpf, nome, cnh, rg, telefone, endereco_id, veiculo_id)
VALUES (16, '662.248.424-36', 'Candace Calderone', '42671687348', '4123363', '(27)3435-2885', 16, 16);

INSERT INTO Motorista(id, cpf, nome, cnh, rg, telefone, endereco_id, veiculo_id)
VALUES (17, '789.249.695-71', 'Selma Siegler', '87891694105', '5153377', '(83)3696-4535', 17, 17);

INSERT INTO Motorista(id, cpf, nome, cnh, rg, telefone, endereco_id, veiculo_id)
VALUES (18, '594.250.706-15', 'Ok Oyler', '26001706770', '0233380', '(48)3848-5284', 18, 18);

INSERT INTO Motorista(id, cpf, nome, cnh, rg, telefone, endereco_id, veiculo_id)
VALUES (19, '908.251.325-21', 'Rex Raynes', '74321715842', '3433390', '(24)3803-3900', 19, 19);

INSERT INTO Motorista(id, cpf, nome, cnh, rg, telefone, endereco_id, veiculo_id)
VALUES (20, '401.252.814-34', 'Mariela Mccorkle', '17271724536', '0003406', '(54)3082-3087', 20, 20);

INSERT INTO Motorista(id, cpf, nome, cnh, rg, telefone, endereco_id, veiculo_id)
VALUES (21, '517.253.013-47', 'Andres Auman', '10651738416', '9173415', '(54)3980-3222', 21, 21);

INSERT INTO Motorista(id, cpf, nome, cnh, rg, telefone, endereco_id, veiculo_id)
VALUES (22, '259.254.139-47', 'Vera Vannote', '63701745160', '4373426', '(26)3408-9191', 22, 22);

INSERT INTO Motorista(id, cpf, nome, cnh, rg, telefone, endereco_id, veiculo_id)
VALUES (23, '218.255.885-30', 'Cristine Condie', '75651755311', '2033433', '(64)3547-7938', 23, 23);

INSERT INTO Motorista(id, cpf, nome, cnh, rg, telefone, endereco_id, veiculo_id)
VALUES (24, '051.256.564-54', 'Andree Audet', '11611766086', '3113445', '(22)3346-4675', 24, 24);

INSERT INTO Motorista(id, cpf, nome, cnh, rg, telefone, endereco_id, veiculo_id)
VALUES (25, '409.257.831-52', 'Samual Sparacino', '32051777899', '3123455', '(76)3137-7629', 25, 25);

INSERT INTO Motorista(id, cpf, nome, cnh, rg, telefone, endereco_id, veiculo_id)
VALUES (26, '464.258.189-85', 'Rosalba Riehl', '91141788326', '8593462', '(96)3156-7137', 26, 26);

INSERT INTO Motorista(id, cpf, nome, cnh, rg, telefone, endereco_id, veiculo_id)
VALUES (27, '304.259.034-16', 'Blair Becerra', '87601791828', '6253470', '(87)3308-2302', 27, 27);

INSERT INTO Motorista(id, cpf, nome, cnh, rg, telefone, endereco_id, veiculo_id)
VALUES (28, '247.260.675-55', 'Ilene Iman', '19181805887', '8793484', '(96)3194-5266', 28, 28);

INSERT INTO Motorista(id, cpf, nome, cnh, rg, telefone, endereco_id, veiculo_id)
VALUES (29, '412.261.659-19', 'Sherley Stuber', '13151812040', '9523494', '(65)3198-7532', 29, 29);

INSERT INTO Motorista(id, cpf, nome, cnh, rg, telefone, endereco_id, veiculo_id)
VALUES (30, '360.262.613-03', 'Leslee Lafler', '38461820059', '0933500', '(89)3892-9098', 30, 30);

INSERT INTO Motorista(id, cpf, nome, cnh, rg, telefone, endereco_id, veiculo_id)
VALUES (31, '438.263.737-96', 'Lavonne Leverette', '48411831216', '6573512', '(19)3733-1171', 31, 31);

INSERT INTO Motorista(id, cpf, nome, cnh, rg, telefone, endereco_id, veiculo_id)
VALUES (32, '691.264.377-79', 'Chantal Chubb', '73941848390', '9463521', '(94)3240-8753', 32, 32);

INSERT INTO Motorista(id, cpf, nome, cnh, rg, telefone, endereco_id, veiculo_id)
VALUES (33, '971.265.544-34', 'Ozie Ottley', '23221857364', '1813532', '(31)3485-8884', 33, 33);

INSERT INTO Motorista(id, cpf, nome, cnh, rg, telefone, endereco_id, veiculo_id)
VALUES (34, '645.266.554-74', 'Judie Jaycox', '07691865179', '6963540', '(14)3663-6193', 34, 34);

INSERT INTO Motorista(id, cpf, nome, cnh, rg, telefone, endereco_id, veiculo_id)
VALUES (35, '350.267.036-46', 'Faye Fluellen', '08271875603', '1283554', '(15)3521-2023', 35, 35);

INSERT INTO Motorista(id, cpf, nome, cnh, rg, telefone, endereco_id, veiculo_id)
VALUES (36, '741.268.636-04', 'Shakia Snelson', '31601885934', '0293567', '(96)3146-1526', 36, 36);

INSERT INTO Motorista(id, cpf, nome, cnh, rg, telefone, endereco_id, veiculo_id)
VALUES (37, '769.269.178-49', 'Louisa Lathan', '09661899305', '7303572', '(64)3821-3864', 37, 37);

INSERT INTO Motorista(id, cpf, nome, cnh, rg, telefone, endereco_id, veiculo_id)
VALUES (38, '361.270.363-00', 'Dexter Dana', '43511905450', '5843587', '(99)3234-1722', 38, 38);

INSERT INTO Motorista(id, cpf, nome, cnh, rg, telefone, endereco_id, veiculo_id)
VALUES (39, '487.271.710-65', 'Ray Ridder', '80511915042', '0473596', '(86)3930-3820', 39, 39);

INSERT INTO Motorista(id, cpf, nome, cnh, rg, telefone, endereco_id, veiculo_id)
VALUES (40, '589.272.855-30', 'Kenny Kosak', '77231926318', '0113604', '(29)3985-4408', 40, 40);

INSERT INTO Motorista(id, cpf, nome, cnh, rg, telefone, endereco_id, veiculo_id)
VALUES (41, '107.273.484-70', 'Eliz Elie', '16151935752', '6713614', '(64)3319-6354', 41, 41);

INSERT INTO Motorista(id, cpf, nome, cnh, rg, telefone, endereco_id, veiculo_id)
VALUES (42, '154.274.827-86', 'Nichole Newingham', '54201946356', '5793628', '(54)3418-2532', 42, 42);

INSERT INTO Motorista(id, cpf, nome, cnh, rg, telefone, endereco_id, veiculo_id)
VALUES (43, '835.275.875-24', 'Saul Soto', '69001958812', '4753633', '(61)3212-5100', 43, 43);

INSERT INTO Motorista(id, cpf, nome, cnh, rg, telefone, endereco_id, veiculo_id)
VALUES (44, '926.276.543-19', 'Julissa Jone', '74861967240', '4673640', '(16)3511-6858', 44, 44);

INSERT INTO Motorista(id, cpf, nome, cnh, rg, telefone, endereco_id, veiculo_id)
VALUES (45, '231.277.503-19', 'Abram Applin', '67671970727', '5573652', '(37)3831-6654', 45, 45);

INSERT INTO Motorista(id, cpf, nome, cnh, rg, telefone, endereco_id, veiculo_id)
VALUES (46, '970.278.395-62', 'Rosenda Rossman', '54461984898', '4453666', '(39)3655-4190', 46, 46);

INSERT INTO Motorista(id, cpf, nome, cnh, rg, telefone, endereco_id, veiculo_id)
VALUES (47, '361.279.253-31', 'Nidia Nembhard', '94941994969', '4373679', '(16)3541-3173', 47, 47);

INSERT INTO Motorista(id, cpf, nome, cnh, rg, telefone, endereco_id, veiculo_id)
VALUES (48, '617.280.162-63', 'Patty Preece', '97432007081', '2623688', '(37)3468-8631', 48, 48);

INSERT INTO Motorista(id, cpf, nome, cnh, rg, telefone, endereco_id, veiculo_id)
VALUES (49, '928.281.587-97', 'Berenice Butt', '53602011522', '9853696', '(77)3610-9232', 49, 49);

INSERT INTO Motorista(id, cpf, nome, cnh, rg, telefone, endereco_id, veiculo_id)
VALUES (50, '840.282.971-53', 'Ashlee Andreas', '97392026728', '3333701', '(18)3740-3385', 50, 50);

INSERT INTO Motorista(id, cpf, nome, cnh, rg, telefone, endereco_id, veiculo_id)
VALUES (51, '322.283.228-72', 'Marisela Morrow', '41072037710', '0913718', '(71)3179-5230', 51, 51);

INSERT INTO Motorista(id, cpf, nome, cnh, rg, telefone, endereco_id, veiculo_id)
VALUES (52, '845.284.234-91', 'Katheleen Kenan', '51462042532', '0013721', '(19)3629-6526', 52, 52);

INSERT INTO Motorista(id, cpf, nome, cnh, rg, telefone, endereco_id, veiculo_id)
VALUES (53, '314.285.731-12', 'Scarlett Schiavo', '49662054760', '6693735', '(66)3574-0546', 53, 53);

INSERT INTO Motorista(id, cpf, nome, cnh, rg, telefone, endereco_id, veiculo_id)
VALUES (54, '916.286.359-79', 'Collin Cuneo', '86272061593', '0753741', '(79)3986-9833', 54, 54);

INSERT INTO Motorista(id, cpf, nome, cnh, rg, telefone, endereco_id, veiculo_id)
VALUES (55, '676.287.477-58', 'Sharika Severs', '76422078959', '8643759', '(16)3674-5961', 55, 55);

INSERT INTO Motorista(id, cpf, nome, cnh, rg, telefone, endereco_id, veiculo_id)
VALUES (56, '144.288.247-32', 'Ardelle Arrieta', '61332087667', '2493766', '(96)3960-1496', 56, 56);

INSERT INTO Motorista(id, cpf, nome, cnh, rg, telefone, endereco_id, veiculo_id)
VALUES (57, '089.289.862-40', 'Gaynelle Geraghty', '50712097910', '2633775', '(55)3471-3981', 57, 57);

INSERT INTO Motorista(id, cpf, nome, cnh, rg, telefone, endereco_id, veiculo_id)
VALUES (58, '075.290.758-65', 'Noemi Nuzzo', '27472107419', '3293785', '(77)3618-7473', 58, 58);

INSERT INTO Motorista(id, cpf, nome, cnh, rg, telefone, endereco_id, veiculo_id)
VALUES (59, '184.291.702-98', 'Willis Wilkens', '13042111374', '2943790', '(85)3466-1952', 59, 59);

INSERT INTO Motorista(id, cpf, nome, cnh, rg, telefone, endereco_id, veiculo_id)
VALUES (60, '864.292.032-69', 'Nisha Neilson', '51862128049', '1943804', '(42)3719-3084', 60, 60);

INSERT INTO Motorista(id, cpf, nome, cnh, rg, telefone, endereco_id, veiculo_id)
VALUES (61, '153.293.895-39', 'Trula Toomey', '24302136138', '8713810', '(24)3792-4569', 61, 61);

INSERT INTO Motorista(id, cpf, nome, cnh, rg, telefone, endereco_id, veiculo_id)
VALUES (62, '960.294.163-89', 'Jonie Johnstone', '62912148122', '7833822', '(58)3200-2708', 62, 62);

INSERT INTO Motorista(id, cpf, nome, cnh, rg, telefone, endereco_id, veiculo_id)
VALUES (63, '859.295.575-12', 'Tod Traughber', '44882150282', '3543830', '(64)3765-2954', 63, 63);

INSERT INTO Motorista(id, cpf, nome, cnh, rg, telefone, endereco_id, veiculo_id)
VALUES (64, '814.296.558-27', 'Nidia Null', '65912167983', '8093848', '(42)3919-8648', 64, 64);

INSERT INTO Motorista(id, cpf, nome, cnh, rg, telefone, endereco_id, veiculo_id)
VALUES (65, '511.297.988-73', 'Mamie Mccumber', '97312172611', '8333857', '(36)3747-2314', 65, 65);

INSERT INTO Motorista(id, cpf, nome, cnh, rg, telefone, endereco_id, veiculo_id)
VALUES (66, '875.298.460-62', 'Becky Babcock', '09262183898', '8163860', '(23)3304-7896', 66, 66);

INSERT INTO Motorista(id, cpf, nome, cnh, rg, telefone, endereco_id, veiculo_id)
VALUES (67, '037.299.256-09', 'Yvone Yaple', '04712193777', '5483871', '(14)3775-1649', 67, 67);

INSERT INTO Motorista(id, cpf, nome, cnh, rg, telefone, endereco_id, veiculo_id)
VALUES (68, '031.300.359-33', 'Bee Breck', '58392202933', '6453888', '(51)3310-3827', 68, 68);

INSERT INTO Motorista(id, cpf, nome, cnh, rg, telefone, endereco_id, veiculo_id)
VALUES (69, '206.301.867-34', 'Ara Alves', '93292214195', '7723898', '(47)3031-7142', 69, 69);

INSERT INTO Motorista(id, cpf, nome, cnh, rg, telefone, endereco_id, veiculo_id)
VALUES (70, '734.302.755-74', 'May Mongillo', '29822225017', '1943900', '(62)3652-8359', 70, 70);

INSERT INTO Motorista(id, cpf, nome, cnh, rg, telefone, endereco_id, veiculo_id)
VALUES (71, '631.303.994-92', 'Angel Altizer', '49322239537', '1823912', '(26)3000-2858', 71, 71);

INSERT INTO Motorista(id, cpf, nome, cnh, rg, telefone, endereco_id, veiculo_id)
VALUES (72, '423.304.732-00', 'Bo Bledsoe', '64372241112', '4803921', '(65)3261-1225', 72, 72);

INSERT INTO Motorista(id, cpf, nome, cnh, rg, telefone, endereco_id, veiculo_id)
VALUES (73, '163.305.999-95', 'Andre Avis', '90152253472', '9223934', '(41)3610-3776', 73, 73);

INSERT INTO Motorista(id, cpf, nome, cnh, rg, telefone, endereco_id, veiculo_id)
VALUES (74, '161.306.899-00', 'Lanny Lennon', '03322260604', '4363944', '(81)3670-3232', 74, 74);

INSERT INTO Motorista(id, cpf, nome, cnh, rg, telefone, endereco_id, veiculo_id)
VALUES (75, '659.307.267-21', 'Carla Cogdill', '31852272720', '9343954', '(66)3465-0708', 75, 75);

INSERT INTO Motorista(id, cpf, nome, cnh, rg, telefone, endereco_id, veiculo_id)
VALUES (76, '552.308.322-80', 'Donna Dobbin', '35022284865', '2753968', '(63)3558-2334', 76, 76);

INSERT INTO Motorista(id, cpf, nome, cnh, rg, telefone, endereco_id, veiculo_id)
VALUES (77, '962.309.372-71', 'Troy Turman', '90922293624', '7683979', '(27)3355-2905', 77, 77);

INSERT INTO Motorista(id, cpf, nome, cnh, rg, telefone, endereco_id, veiculo_id)
VALUES (78, '125.310.893-01', 'Mozella Mcneil', '50552301405', '1983987', '(29)3124-0938', 78, 78);

INSERT INTO Motorista(id, cpf, nome, cnh, rg, telefone, endereco_id, veiculo_id)
VALUES (79, '306.311.784-07', 'Jennell Jarrett', '74022314656', '3243998', '(76)3794-9319', 79, 79);

INSERT INTO Motorista(id, cpf, nome, cnh, rg, telefone, endereco_id, veiculo_id)
VALUES (80, '474.312.949-09', 'Tasha Tu', '69262326043', '2894002', '(49)3252-4685', 80, 80);

INSERT INTO Motorista(id, cpf, nome, cnh, rg, telefone, endereco_id, veiculo_id)
VALUES (81, '346.313.537-79', 'Reena Releford', '89962330673', '6454010', '(96)3290-8217', 81, 81);

INSERT INTO Motorista(id, cpf, nome, cnh, rg, telefone, endereco_id, veiculo_id)
VALUES (82, '410.314.258-56', 'Carin Crabill', '64012342176', '1004025', '(95)3489-9071', 82, 82);

INSERT INTO Motorista(id, cpf, nome, cnh, rg, telefone, endereco_id, veiculo_id)
VALUES (83, '361.315.158-58', 'Ernestine Eberhardt', '67422359261', '4674037', '(26)3429-9342', 83, 83);

INSERT INTO Motorista(id, cpf, nome, cnh, rg, telefone, endereco_id, veiculo_id)
VALUES (84, '096.316.536-43', 'Berenice Benshoof', '85832364053', '8384045', '(88)3118-2249', 84, 84);

INSERT INTO Motorista(id, cpf, nome, cnh, rg, telefone, endereco_id, veiculo_id)
VALUES (85, '603.317.131-07', 'Sharleen Spengler', '23682379328', '6804058', '(64)3429-8181', 85, 85);

INSERT INTO Motorista(id, cpf, nome, cnh, rg, telefone, endereco_id, veiculo_id)
VALUES (86, '394.318.984-71', 'Ruth Routt', '71522387369', '4184068', '(48)3978-6694', 86, 86);

INSERT INTO Motorista(id, cpf, nome, cnh, rg, telefone, endereco_id, veiculo_id)
VALUES (87, '932.319.593-00', 'Marivel Mangum', '95982396106', '5654070', '(87)3939-3948', 87, 87);

INSERT INTO Motorista(id, cpf, nome, cnh, rg, telefone, endereco_id, veiculo_id)
VALUES (88, '814.320.128-32', 'Bobby Burchard', '00012407188', '4394081', '(75)3472-8038', 88, 88);

INSERT INTO Motorista(id, cpf, nome, cnh, rg, telefone, endereco_id, veiculo_id)
VALUES (89, '361.321.614-73', 'Candance Ceniceros', '96952415874', '3834099', '(92)3146-0431', 89, 89);

INSERT INTO Motorista(id, cpf, nome, cnh, rg, telefone, endereco_id, veiculo_id)
VALUES (90, '319.322.733-53', 'Jamee Jaillet', '17842429668', '0014100', '(65)3474-8239', 90, 90);

INSERT INTO Motorista(id, cpf, nome, cnh, rg, telefone, endereco_id, veiculo_id)
VALUES (91, '220.323.247-87', 'Anh Arens', '09222437110', '4804114', '(93)3060-5010', 91, 91);

INSERT INTO Motorista(id, cpf, nome, cnh, rg, telefone, endereco_id, veiculo_id)
VALUES (92, '706.324.483-00', 'Arvilla Amore', '28952445516', '4644123', '(14)3282-0942', 92, 92);

INSERT INTO Motorista(id, cpf, nome, cnh, rg, telefone, endereco_id, veiculo_id)
VALUES (93, '520.325.579-38', 'Sierra Suess', '45642455702', '7904134', '(62)3580-4036', 93, 93);

INSERT INTO Motorista(id, cpf, nome, cnh, rg, telefone, endereco_id, veiculo_id)
VALUES (94, '134.326.344-72', 'Arthur Armagost', '68332464971', '6294140', '(28)3868-0265', 94, 94);

INSERT INTO Motorista(id, cpf, nome, cnh, rg, telefone, endereco_id, veiculo_id)
VALUES (95, '073.327.028-93', 'Cami Chaplin', '31002477980', '6224150', '(55)3002-0907', 95, 95);

INSERT INTO Motorista(id, cpf, nome, cnh, rg, telefone, endereco_id, veiculo_id)
VALUES (96, '838.328.447-17', 'Joi Jarrell', '57912486838', '7954169', '(32)3763-5216', 96, 96);

INSERT INTO Motorista(id, cpf, nome, cnh, rg, telefone, endereco_id, veiculo_id)
VALUES (97, '628.329.763-35', 'Claudie Curtsinger', '22112498289', '9534172', '(87)3817-7433', 97, 97);

INSERT INTO Motorista(id, cpf, nome, cnh, rg, telefone, endereco_id, veiculo_id)
VALUES (98, '273.330.973-64', 'Luisa Leinen', '83372506645', '0504185', '(78)3142-2360', 98, 98);

INSERT INTO Motorista(id, cpf, nome, cnh, rg, telefone, endereco_id, veiculo_id)
VALUES (99, '869.331.507-76', 'Kendra Kitzman', '32842511369', '3104198', '(36)3123-7313', 99, 99);

INSERT INTO Motorista(id, cpf, nome, cnh, rg, telefone, endereco_id, veiculo_id)
VALUES (100, '211.332.620-01', 'Lucille Lirette', '41312526069', '3884200', '(18)3237-6444', 100, 100);

-- Popula a tabela Cliente.

INSERT INTO Cliente(id, cnpj, nome, telefone, endereco_id)
VALUES (1, '03.247.016/0002-92', 'Petrobras', '(51)98655-1685', 101);

INSERT INTO Cliente(id, cnpj, nome, telefone, endereco_id)
VALUES (2, '00.248.456/0001-33', 'BR Distribuidora', '(95)99220-7897', 102);

INSERT INTO Cliente(id, cnpj, nome, telefone, endereco_id)
VALUES (3, '59.249.788/0001-61', 'Vale', '(98)3629-9197', 103);

INSERT INTO Cliente(id, cnpj, nome, telefone, endereco_id)
VALUES (4, '33.250.711/0001-57', 'Ipiranga Produtos', '(16)3585-7141', 104);

INSERT INTO Cliente(id, cnpj, nome, telefone, endereco_id)
VALUES (5, '49.251.726/0001-63', 'Raízen', '(83)98380-1806', 105);

INSERT INTO Cliente(id, cnpj, nome, telefone, endereco_id)
VALUES (6, '23.252.405/0002-80', 'Fiat', '(82)98525-6993', 106);

INSERT INTO Cliente(id, cnpj, nome, telefone, endereco_id)
VALUES (7, '45.253.219/0002-67', 'Volkswagen', '(84)98640-5737', 107);

INSERT INTO Cliente(id, cnpj, nome, telefone, endereco_id)
VALUES (8, '14.254.030/0001-89', 'Vivo', '(86)99183-4861', 108);

INSERT INTO Cliente(id, cnpj, nome, telefone, endereco_id)
VALUES (9, '12.255.322/0002-54', 'Bunge Alimentos', '(11)3221-2714', 109);

INSERT INTO Cliente(id, cnpj, nome, telefone, endereco_id)
VALUES (10, '35.256.378/0002-69', 'Cargill', '(36)99524-1515', 110);

INSERT INTO Cliente(id, cnpj, nome, telefone, endereco_id)
VALUES (11, '02.257.303/0002-64', 'Braskem', '(51)3879-4111', 111);

INSERT INTO Cliente(id, cnpj, nome, telefone, endereco_id)
VALUES (12, '19.258.385/0002-35', 'Pão de Açúcar', '(31)98878-8801', 112);

INSERT INTO Cliente(id, cnpj, nome, telefone, endereco_id)
VALUES (13, '70.259.549/0002-29', 'TIM', '(91)99180-0650', 113);

INSERT INTO Cliente(id, cnpj, nome, telefone, endereco_id)
VALUES (14, '15.260.707/0001-37', 'General Motors', '(86)98528-8315', 114);

INSERT INTO Cliente(id, cnpj, nome, telefone, endereco_id)
VALUES (15, '60.261.807/0002-81', 'Telefônica', '(26)3578-9488', 115);

INSERT INTO Cliente(id, cnpj, nome, telefone, endereco_id)
VALUES (16, '49.262.550/0001-42', 'Casas Bahia', '(83)3675-4233', 116);

INSERT INTO Cliente(id, cnpj, nome, telefone, endereco_id)
VALUES (17, '51.263.163/0001-34', 'Walmart', '(78)99040-3105', 117);

INSERT INTO Cliente(id, cnpj, nome, telefone, endereco_id)
VALUES (18, '71.264.819/0001-04', 'Ambev', '(37)3882-8391', 118);

INSERT INTO Cliente(id, cnpj, nome, telefone, endereco_id)
VALUES (19, '23.265.378/0001-14', 'ArcelorMittal Brasil', '(69)3269-5182', 119);

INSERT INTO Cliente(id, cnpj, nome, telefone, endereco_id)
VALUES (20, '91.266.294/0001-49', 'Correios', '(46)99591-2833', 120);

INSERT INTO Cliente(id, cnpj, nome, telefone, endereco_id)
VALUES (21, '98.267.599/0002-03', 'Mercedes-Benz', '(42)98786-2684', 121);

INSERT INTO Cliente(id, cnpj, nome, telefone, endereco_id)
VALUES (22, '61.268.189/0001-02', 'JBS', '(51)3481-9653', 122);

INSERT INTO Cliente(id, cnpj, nome, telefone, endereco_id)
VALUES (23, '15.269.028/0002-67', 'Carrefour', '(49)99594-2184', 123);

INSERT INTO Cliente(id, cnpj, nome, telefone, endereco_id)
VALUES (24, '51.270.049/0002-04', 'TAM', '(54)99891-6355', 124);

INSERT INTO Cliente(id, cnpj, nome, telefone, endereco_id)
VALUES (25, '87.271.475/0002-72', 'Brasil Foods/Sadia', '(89)99200-3525', 125);

INSERT INTO Cliente(id, cnpj, nome, telefone, endereco_id)
VALUES (26, '37.272.835/0001-34', 'Brasil Foods', '(31)3118-9123', 126);

INSERT INTO Cliente(id, cnpj, nome, telefone, endereco_id)
VALUES (27, '81.273.945/0002-82', 'Telemar', '(15)3937-4900', 127);

INSERT INTO Cliente(id, cnpj, nome, telefone, endereco_id)
VALUES (28, '29.274.130/0001-35', 'Cosan', '(62)3121-7829', 128);

INSERT INTO Cliente(id, cnpj, nome, telefone, endereco_id)
VALUES (29, '22.275.524/0002-23', 'Ford', '(29)3426-3991', 129);

INSERT INTO Cliente(id, cnpj, nome, telefone, endereco_id)
VALUES (30, '66.276.194/0002-46', 'Atacadão', '(31)3305-9403', 130);

INSERT INTO Cliente(id, cnpj, nome, telefone, endereco_id)
VALUES (31, '32.277.219/0001-66', 'CSN', '(82)99418-7645', 131);

INSERT INTO Cliente(id, cnpj, nome, telefone, endereco_id)
VALUES (32, '12.278.978/0001-00', 'Claro', '(31)99493-3886', 132);

INSERT INTO Cliente(id, cnpj, nome, telefone, endereco_id)
VALUES (33, '70.279.227/0001-85', 'Usiminas', '(28)3261-9441', 133);

INSERT INTO Cliente(id, cnpj, nome, telefone, endereco_id)
VALUES (34, '20.280.207/0001-30', 'Embratel', '(56)3836-3389', 134);

INSERT INTO Cliente(id, cnpj, nome, telefone, endereco_id)
VALUES (35, '64.281.460/0001-58', 'Moto Honda', '(46)99216-8082', 135);

INSERT INTO Cliente(id, cnpj, nome, telefone, endereco_id)
VALUES (36, '26.282.067/0001-48', 'Sabesp', '(32)99675-7392', 136);

INSERT INTO Cliente(id, cnpj, nome, telefone, endereco_id)
VALUES (37, '86.283.586/0001-04', 'AES Eletropaulo', '(44)98912-6784', 137);

INSERT INTO Cliente(id, cnpj, nome, telefone, endereco_id)
VALUES (38, '55.284.059/0002-10', 'ADM', '(81)3886-9929', 138);

INSERT INTO Cliente(id, cnpj, nome, telefone, endereco_id)
VALUES (39, '73.285.089/0002-80', 'Oi (TNL PCS)', '(97)3994-5146', 139);

INSERT INTO Cliente(id, cnpj, nome, telefone, endereco_id)
VALUES (40, '27.286.212/0001-44', 'MAN', '(77)99469-6988', 140);

INSERT INTO Cliente(id, cnpj, nome, telefone, endereco_id)
VALUES (41, '45.287.201/0001-02', 'Toyota', '(34)99042-1003', 141);

INSERT INTO Cliente(id, cnpj, nome, telefone, endereco_id)
VALUES (42, '47.288.507/0001-52', 'Cemig Distribuição', '(27)98481-6201', 142);

INSERT INTO Cliente(id, cnpj, nome, telefone, endereco_id)
VALUES (43, '58.289.060/0002-55', 'Embraer', '(38)3094-1492', 143);

INSERT INTO Cliente(id, cnpj, nome, telefone, endereco_id)
VALUES (44, '94.290.395/0001-46', 'Globo', '(88)99810-1359', 144);

INSERT INTO Cliente(id, cnpj, nome, telefone, endereco_id)
VALUES (45, '44.291.219/0001-37', 'Construtora Odebrecht', '(72)99872-3408', 145);

INSERT INTO Cliente(id, cnpj, nome, telefone, endereco_id)
VALUES (46, '32.292.095/0001-34', 'Samsung', '(37)99822-6546', 146);

INSERT INTO Cliente(id, cnpj, nome, telefone, endereco_id)
VALUES (47, '72.293.689/0002-95', 'Copersucar', '(47)3332-2770', 147);

INSERT INTO Cliente(id, cnpj, nome, telefone, endereco_id)
VALUES (48, '63.294.333/0002-38', 'Gerdau Aços Longos', '(66)3026-8543', 148);

INSERT INTO Cliente(id, cnpj, nome, telefone, endereco_id)
VALUES (49, '22.295.999/0001-45', 'Nextel', '(68)99671-4937', 149);

INSERT INTO Cliente(id, cnpj, nome, telefone, endereco_id)
VALUES (50, '85.296.826/0002-26', 'Renault', '(14)99021-3469', 150);

INSERT INTO Cliente(id, cnpj, nome, telefone, endereco_id)
VALUES (51, '26.297.199/0001-21', 'Ale', '(57)98971-4984', 151);

INSERT INTO Cliente(id, cnpj, nome, telefone, endereco_id)
VALUES (52, '23.298.980/0001-58', 'Oi', '(34)98163-9217', 152);

INSERT INTO Cliente(id, cnpj, nome, telefone, endereco_id)
VALUES (53, '36.299.239/0001-40', 'GOL', '(18)3451-7582', 153);

INSERT INTO Cliente(id, cnpj, nome, telefone, endereco_id)
VALUES (54, '49.300.921/0002-04', 'Unilever', '(71)3272-6905', 154);

INSERT INTO Cliente(id, cnpj, nome, telefone, endereco_id)
VALUES (55, '36.301.122/0001-14', 'Samarco', '(58)3180-7861', 155);

INSERT INTO Cliente(id, cnpj, nome, telefone, endereco_id)
VALUES (56, '11.302.916/0002-87', 'Furnas', '(99)99041-1629', 156);

INSERT INTO Cliente(id, cnpj, nome, telefone, endereco_id)
VALUES (57, '77.303.351/0002-34', 'Amil', '(58)3687-9192', 157);

INSERT INTO Cliente(id, cnpj, nome, telefone, endereco_id)
VALUES (58, '83.304.800/0001-05', 'GE', '(28)98374-8007', 158);

INSERT INTO Cliente(id, cnpj, nome, telefone, endereco_id)
VALUES (59, '83.305.967/0002-32', 'Refap', '(61)99676-4125', 159);

INSERT INTO Cliente(id, cnpj, nome, telefone, endereco_id)
VALUES (60, '80.306.588/0001-92', 'Itaipu Binacional', '(74)3232-8540', 160);

INSERT INTO Cliente(id, cnpj, nome, telefone, endereco_id)
VALUES (61, '69.307.215/0001-62', 'Louis Dreyfus', '(35)99753-5276', 161);

INSERT INTO Cliente(id, cnpj, nome, telefone, endereco_id)
VALUES (62, '82.308.992/0001-47', 'Peugeot Citroën', '(76)3495-0928', 162);

INSERT INTO Cliente(id, cnpj, nome, telefone, endereco_id)
VALUES (63, '34.309.028/0002-95', 'Light', '(71)3303-2759', 163);

INSERT INTO Cliente(id, cnpj, nome, telefone, endereco_id)
VALUES (64, '72.310.945/0002-82', 'Lojas Americanas', '(13)99357-8877', 164);

INSERT INTO Cliente(id, cnpj, nome, telefone, endereco_id)
VALUES (65, '67.311.107/0001-53', 'Honda Automóveis', '(79)98665-3314', 165);

INSERT INTO Cliente(id, cnpj, nome, telefone, endereco_id)
VALUES (66, '82.312.080/0001-29', 'Natura', '(25)3738-3863', 166);

INSERT INTO Cliente(id, cnpj, nome, telefone, endereco_id)
VALUES (67, '35.313.738/0001-05', 'Whirlpool', '(78)3695-5901', 167);

INSERT INTO Cliente(id, cnpj, nome, telefone, endereco_id)
VALUES (68, '22.314.640/0001-55', 'Basf', '(91)3669-6981', 168);

INSERT INTO Cliente(id, cnpj, nome, telefone, endereco_id)
VALUES (69, '18.315.472/0002-98', 'CPFL Paulista', '(68)98332-6244', 169);

INSERT INTO Cliente(id, cnpj, nome, telefone, endereco_id)
VALUES (70, '83.316.082/0001-80', 'Coamo', '(19)3827-0757', 170);

INSERT INTO Cliente(id, cnpj, nome, telefone, endereco_id)
VALUES (71, '74.317.944/0001-56', 'Souza Cruz', '(49)99798-9753', 171);

INSERT INTO Cliente(id, cnpj, nome, telefone, endereco_id)
VALUES (72, '39.318.452/0002-83', 'Makro', '(54)3597-7785', 172);

INSERT INTO Cliente(id, cnpj, nome, telefone, endereco_id)
VALUES (73, '19.319.255/0002-44', 'Copel', '(72)98293-8607', 173);

INSERT INTO Cliente(id, cnpj, nome, telefone, endereco_id)
VALUES (74, '77.320.721/0002-68', 'Votoran', '(26)3339-5610', 174);

INSERT INTO Cliente(id, cnpj, nome, telefone, endereco_id)
VALUES (75, '13.321.906/0002-62', 'Magazine Luiza', '(36)99531-6603', 175);

INSERT INTO Cliente(id, cnpj, nome, telefone, endereco_id)
VALUES (76, '20.322.412/0001-15', 'Chesf', '(54)99504-1940', 176);

INSERT INTO Cliente(id, cnpj, nome, telefone, endereco_id)
VALUES (77, '10.323.577/0002-99', 'Nestlé', '(49)3989-3242', 177);

INSERT INTO Cliente(id, cnpj, nome, telefone, endereco_id)
VALUES (78, '04.324.069/0001-21', 'Gerdau Açominas', '(45)3408-1890', 178);

INSERT INTO Cliente(id, cnpj, nome, telefone, endereco_id)
VALUES (79, '16.325.335/0001-70', 'Coelba', '(72)3229-1262', 179);

INSERT INTO Cliente(id, cnpj, nome, telefone, endereco_id)
VALUES (80, '07.326.366/0002-82', 'Transpetro', '(46)3265-7391', 180);

INSERT INTO Cliente(id, cnpj, nome, telefone, endereco_id)
VALUES (81, '22.327.497/0001-39', 'Suzano', '(69)3850-3599', 181);

INSERT INTO Cliente(id, cnpj, nome, telefone, endereco_id)
VALUES (82, '78.328.577/0002-82', 'Heringer', '(32)3127-0755', 182);

INSERT INTO Cliente(id, cnpj, nome, telefone, endereco_id)
VALUES (83, '31.329.605/0002-80', 'CNH', '(91)98093-7967', 183);

INSERT INTO Cliente(id, cnpj, nome, telefone, endereco_id)
VALUES (84, '76.330.334/0002-90', 'Paranapanema', '(67)3455-3518', 184);

INSERT INTO Cliente(id, cnpj, nome, telefone, endereco_id)
VALUES (85, '48.331.012/0002-48', 'Iveco', '(76)3049-4021', 185);

INSERT INTO Cliente(id, cnpj, nome, telefone, endereco_id)
VALUES (86, '19.332.132/0002-69', 'Ponto Frio', '(96)3350-5776', 186);

INSERT INTO Cliente(id, cnpj, nome, telefone, endereco_id)
VALUES (87, '41.333.532/0002-52', 'Marfrig', '(99)98045-3826', 187);

INSERT INTO Cliente(id, cnpj, nome, telefone, endereco_id)
VALUES (88, '12.334.849/0002-25', 'Camargo Corrêa', '(52)3135-5218', 188);

INSERT INTO Cliente(id, cnpj, nome, telefone, endereco_id)
VALUES (89, '99.335.376/0001-25', 'Bunge Fertilizantes', '(96)98848-3206', 189);

INSERT INTO Cliente(id, cnpj, nome, telefone, endereco_id)
VALUES (90, '94.336.148/0001-23', 'Mitsubishi Motors', '(26)99393-4327', 190);

INSERT INTO Cliente(id, cnpj, nome, telefone, endereco_id)
VALUES (91, '39.337.917/0001-39', 'Andrade Gutierrez', '(77)3158-5105', 191);

INSERT INTO Cliente(id, cnpj, nome, telefone, endereco_id)
VALUES (92, '78.338.505/0002-11', 'Bayer', '(11)98496-0185', 192);

INSERT INTO Cliente(id, cnpj, nome, telefone, endereco_id)
VALUES (93, '07.339.462/0002-23', 'Avon', '(39)3737-3239', 193);

INSERT INTO Cliente(id, cnpj, nome, telefone, endereco_id)
VALUES (94, '97.340.613/0001-26', 'Eletronorte', '(61)98273-3724', 194);

INSERT INTO Cliente(id, cnpj, nome, telefone, endereco_id)
VALUES (95, '35.341.493/0002-68', 'Robert Bosch', '(51)3762-5175', 195);

INSERT INTO Cliente(id, cnpj, nome, telefone, endereco_id)
VALUES (96, '46.342.580/0002-01', 'HP', '(69)3896-9330', 196);

INSERT INTO Cliente(id, cnpj, nome, telefone, endereco_id)
VALUES (97, '13.343.319/0001-97', 'Braskem Qpar', '(28)99880-8881', 197);

INSERT INTO Cliente(id, cnpj, nome, telefone, endereco_id)
VALUES (98, '75.344.200/0002-37', 'Spal', '(38)3477-2901', 198);

INSERT INTO Cliente(id, cnpj, nome, telefone, endereco_id)
VALUES (99, '84.345.020/0002-52', 'Tag', '(88)3758-8367', 199);

INSERT INTO Cliente(id, cnpj, nome, telefone, endereco_id)
VALUES (100, '69.346.283/0001-17', 'Comgás', '(53)3487-5577', 200);

-- Popula a tabela Pedido.

INSERT INTO Pedido(id, timestamp_requisicao, produto, distancia, preco_frete, observacoes, status, cliente_id, endereco_origem, endereco_destino)
VALUES (1, '2011-6-25 17:33', 'Bíblia', '3', '972.99', null, 'EM_PROCESSAMENTO', 1, 201, 301);

INSERT INTO Pedido(id, timestamp_requisicao, produto, distancia, preco_frete, observacoes, status, cliente_id, endereco_origem, endereco_destino)
VALUES (2, '2011-12-23 13:11', 'Notebook', '1012', '761.71', null, 'EM_PROCESSAMENTO', 2, 202, 302);

INSERT INTO Pedido(id, timestamp_requisicao, produto, distancia, preco_frete, observacoes, status, cliente_id, endereco_origem, endereco_destino)
VALUES (3, '2011-4-3 19:24', 'Tabuleiro de Xadrez', '21', '231.66', null, 'EM_PROCESSAMENTO', 3, 203, 303);

INSERT INTO Pedido(id, timestamp_requisicao, produto, distancia, preco_frete, observacoes, status, cliente_id, endereco_origem, endereco_destino)
VALUES (4, '2011-6-26 4:54', 'Livro', '277', '627.14', null, 'EM_PROCESSAMENTO', 4, 204, 304);

INSERT INTO Pedido(id, timestamp_requisicao, produto, distancia, preco_frete, observacoes, status, cliente_id, endereco_origem, endereco_destino)
VALUES (5, '2011-2-4 11:23', 'Caderno', '640', '693.51', null, 'EM_PROCESSAMENTO', 5, 205, 305);

INSERT INTO Pedido(id, timestamp_requisicao, produto, distancia, preco_frete, observacoes, status, cliente_id, endereco_origem, endereco_destino)
VALUES (6, '2011-2-25 14:21', 'Madeira', '697', '585.79', null, 'EM_PROCESSAMENTO', 6, 206, 306);

INSERT INTO Pedido(id, timestamp_requisicao, produto, distancia, preco_frete, observacoes, status, cliente_id, endereco_origem, endereco_destino)
VALUES (7, '2011-8-18 7:57', 'Chaira', '560', '746.53', null, 'EM_PROCESSAMENTO', 7, 207, 307);

INSERT INTO Pedido(id, timestamp_requisicao, produto, distancia, preco_frete, observacoes, status, cliente_id, endereco_origem, endereco_destino)
VALUES (8, '2011-1-19 13:58', 'Bolsa', '977', '295.43', null, 'EM_PROCESSAMENTO', 8, 208, 308);

INSERT INTO Pedido(id, timestamp_requisicao, produto, distancia, preco_frete, observacoes, status, cliente_id, endereco_origem, endereco_destino)
VALUES (9, '2011-6-11 6:25', 'Caneta', '1135', '210.47', null, 'EM_PROCESSAMENTO', 9, 209, 309);

INSERT INTO Pedido(id, timestamp_requisicao, produto, distancia, preco_frete, observacoes, status, cliente_id, endereco_origem, endereco_destino)
VALUES (10, '2011-11-10 23:36', 'Cosméticos', '19', '728.97', null, 'EM_PROCESSAMENTO', 10, 210, 310);

INSERT INTO Pedido(id, timestamp_requisicao, produto, distancia, preco_frete, observacoes, status, cliente_id, endereco_origem, endereco_destino)
VALUES (11, '2011-7-15 19:8', 'Madeira', '888', '204.41', null, 'EM_PROCESSAMENTO', 11, 211, 311);

INSERT INTO Pedido(id, timestamp_requisicao, produto, distancia, preco_frete, observacoes, status, cliente_id, endereco_origem, endereco_destino)
VALUES (12, '2011-2-21 9:46', 'Cosméticos', '182', '352.16', null, 'EM_PROCESSAMENTO', 12, 212, 312);

INSERT INTO Pedido(id, timestamp_requisicao, produto, distancia, preco_frete, observacoes, status, cliente_id, endereco_origem, endereco_destino)
VALUES (13, '2011-7-11 14:56', 'Lápis', '391', '230.58', null, 'EM_PROCESSAMENTO', 13, 213, 313);

INSERT INTO Pedido(id, timestamp_requisicao, produto, distancia, preco_frete, observacoes, status, cliente_id, endereco_origem, endereco_destino)
VALUES (14, '2011-9-27 15:2', 'Caneta', '559', '968.50', null, 'EM_PROCESSAMENTO', 14, 214, 314);

INSERT INTO Pedido(id, timestamp_requisicao, produto, distancia, preco_frete, observacoes, status, cliente_id, endereco_origem, endereco_destino)
VALUES (15, '2011-3-21 19:17', 'Madeira', '481', '409.80', null, 'EM_PROCESSAMENTO', 15, 215, 315);

INSERT INTO Pedido(id, timestamp_requisicao, produto, distancia, preco_frete, observacoes, status, cliente_id, endereco_origem, endereco_destino)
VALUES (16, '2011-8-2 7:53', 'Bolsa', '773', '570.10', null, 'EM_PROCESSAMENTO', 16, 216, 316);

INSERT INTO Pedido(id, timestamp_requisicao, produto, distancia, preco_frete, observacoes, status, cliente_id, endereco_origem, endereco_destino)
VALUES (17, '2011-5-22 14:52', 'Cadeira', '992', '822.77', null, 'EM_PROCESSAMENTO', 17, 217, 317);

INSERT INTO Pedido(id, timestamp_requisicao, produto, distancia, preco_frete, observacoes, status, cliente_id, endereco_origem, endereco_destino)
VALUES (18, '2011-12-6 21:22', 'Caneta', '657', '823.55', null, 'EM_PROCESSAMENTO', 18, 218, 318);

INSERT INTO Pedido(id, timestamp_requisicao, produto, distancia, preco_frete, observacoes, status, cliente_id, endereco_origem, endereco_destino)
VALUES (19, '2011-11-27 6:36', 'Tabuleiro de Xadrez', '269', '184.75', null, 'EM_PROCESSAMENTO', 19, 219, 319);

INSERT INTO Pedido(id, timestamp_requisicao, produto, distancia, preco_frete, observacoes, status, cliente_id, endereco_origem, endereco_destino)
VALUES (20, '2011-4-18 5:45', 'Livro', '1072', '875.38', null, 'EM_PROCESSAMENTO', 20, 220, 320);

INSERT INTO Pedido(id, timestamp_requisicao, produto, distancia, preco_frete, observacoes, status, cliente_id, endereco_origem, endereco_destino)
VALUES (21, '2011-3-17 15:5', 'Tesouro', '314', '690.67', null, 'EM_PROCESSAMENTO', 21, 221, 321);

INSERT INTO Pedido(id, timestamp_requisicao, produto, distancia, preco_frete, observacoes, status, cliente_id, endereco_origem, endereco_destino)
VALUES (22, '2011-10-1 22:10', 'Caneta', '1066', '438.41', null, 'EM_PROCESSAMENTO', 22, 222, 322);

INSERT INTO Pedido(id, timestamp_requisicao, produto, distancia, preco_frete, observacoes, status, cliente_id, endereco_origem, endereco_destino)
VALUES (23, '2011-11-8 14:59', 'Caderno', '632', '661.70', null, 'EM_PROCESSAMENTO', 23, 223, 323);

INSERT INTO Pedido(id, timestamp_requisicao, produto, distancia, preco_frete, observacoes, status, cliente_id, endereco_origem, endereco_destino)
VALUES (24, '2011-7-19 16:14', 'Cadeira', '266', '106.87', null, 'EM_PROCESSAMENTO', 24, 224, 324);

INSERT INTO Pedido(id, timestamp_requisicao, produto, distancia, preco_frete, observacoes, status, cliente_id, endereco_origem, endereco_destino)
VALUES (25, '2011-7-27 21:33', 'Bíblia', '40', '252.59', null, 'EM_PROCESSAMENTO', 25, 225, 325);

INSERT INTO Pedido(id, timestamp_requisicao, produto, distancia, preco_frete, observacoes, status, cliente_id, endereco_origem, endereco_destino)
VALUES (26, '2011-2-23 14:39', 'Notebook', '983', '919.09', null, 'EM_PROCESSAMENTO', 26, 226, 326);

INSERT INTO Pedido(id, timestamp_requisicao, produto, distancia, preco_frete, observacoes, status, cliente_id, endereco_origem, endereco_destino)
VALUES (27, '2011-12-12 0:46', 'Mesa', '273', '407.01', null, 'EM_PROCESSAMENTO', 27, 227, 327);

INSERT INTO Pedido(id, timestamp_requisicao, produto, distancia, preco_frete, observacoes, status, cliente_id, endereco_origem, endereco_destino)
VALUES (28, '2011-9-16 22:30', 'Madeira', '1189', '588.65', null, 'EM_PROCESSAMENTO', 28, 228, 328);

INSERT INTO Pedido(id, timestamp_requisicao, produto, distancia, preco_frete, observacoes, status, cliente_id, endereco_origem, endereco_destino)
VALUES (29, '2011-6-17 2:53', 'Mochila', '184', '418.51', null, 'EM_PROCESSAMENTO', 29, 229, 329);

INSERT INTO Pedido(id, timestamp_requisicao, produto, distancia, preco_frete, observacoes, status, cliente_id, endereco_origem, endereco_destino)
VALUES (30, '2011-10-18 13:30', 'Madeira', '749', '407.73', null, 'EM_PROCESSAMENTO', 30, 230, 330);

INSERT INTO Pedido(id, timestamp_requisicao, produto, distancia, preco_frete, observacoes, status, cliente_id, endereco_origem, endereco_destino)
VALUES (31, '2011-9-4 0:42', 'Mesa', '389', '151.39', null, 'EM_PROCESSAMENTO', 31, 231, 331);

INSERT INTO Pedido(id, timestamp_requisicao, produto, distancia, preco_frete, observacoes, status, cliente_id, endereco_origem, endereco_destino)
VALUES (32, '2011-1-14 13:25', 'Tesouro', '1070', '688.26', null, 'EM_PROCESSAMENTO', 32, 232, 332);

INSERT INTO Pedido(id, timestamp_requisicao, produto, distancia, preco_frete, observacoes, status, cliente_id, endereco_origem, endereco_destino)
VALUES (33, '2011-6-25 14:55', 'Cosméticos', '143', '984.04', null, 'EM_PROCESSAMENTO', 33, 233, 333);

INSERT INTO Pedido(id, timestamp_requisicao, produto, distancia, preco_frete, observacoes, status, cliente_id, endereco_origem, endereco_destino)
VALUES (34, '2011-11-15 4:15', 'Cosméticos', '837', '878.17', null, 'EM_PROCESSAMENTO', 34, 234, 334);

INSERT INTO Pedido(id, timestamp_requisicao, produto, distancia, preco_frete, observacoes, status, cliente_id, endereco_origem, endereco_destino)
VALUES (35, '2011-10-16 8:59', 'Lápis', '115', '228.15', null, 'EM_PROCESSAMENTO', 35, 235, 335);

INSERT INTO Pedido(id, timestamp_requisicao, produto, distancia, preco_frete, observacoes, status, cliente_id, endereco_origem, endereco_destino)
VALUES (36, '2011-6-24 3:28', 'Cosméticos', '327', '516.04', null, 'EM_PROCESSAMENTO', 36, 236, 336);

INSERT INTO Pedido(id, timestamp_requisicao, produto, distancia, preco_frete, observacoes, status, cliente_id, endereco_origem, endereco_destino)
VALUES (37, '2011-1-21 19:41', 'Televisor', '828', '374.90', null, 'EM_PROCESSAMENTO', 37, 237, 337);

INSERT INTO Pedido(id, timestamp_requisicao, produto, distancia, preco_frete, observacoes, status, cliente_id, endereco_origem, endereco_destino)
VALUES (38, '2011-2-8 7:4', 'Lápis', '177', '283.15', null, 'EM_PROCESSAMENTO', 38, 238, 338);

INSERT INTO Pedido(id, timestamp_requisicao, produto, distancia, preco_frete, observacoes, status, cliente_id, endereco_origem, endereco_destino)
VALUES (39, '2011-10-7 20:40', 'Ar condicionado', '576', '536.02', null, 'EM_PROCESSAMENTO', 39, 239, 339);

INSERT INTO Pedido(id, timestamp_requisicao, produto, distancia, preco_frete, observacoes, status, cliente_id, endereco_origem, endereco_destino)
VALUES (40, '2011-10-16 17:22', 'Cadeira', '973', '747.82', null, 'EM_PROCESSAMENTO', 40, 240, 340);

INSERT INTO Pedido(id, timestamp_requisicao, produto, distancia, preco_frete, observacoes, status, cliente_id, endereco_origem, endereco_destino)
VALUES (41, '2011-5-21 1:59', 'Tabuleiro de Xadrez', '939', '376.55', null, 'EM_PROCESSAMENTO', 41, 241, 341);

INSERT INTO Pedido(id, timestamp_requisicao, produto, distancia, preco_frete, observacoes, status, cliente_id, endereco_origem, endereco_destino)
VALUES (42, '2011-6-20 9:47', 'Chaira', '1094', '227.38', null, 'EM_PROCESSAMENTO', 42, 242, 342);

INSERT INTO Pedido(id, timestamp_requisicao, produto, distancia, preco_frete, observacoes, status, cliente_id, endereco_origem, endereco_destino)
VALUES (43, '2011-5-21 10:32', 'Lápis', '62', '753.53', null, 'EM_PROCESSAMENTO', 43, 243, 343);

INSERT INTO Pedido(id, timestamp_requisicao, produto, distancia, preco_frete, observacoes, status, cliente_id, endereco_origem, endereco_destino)
VALUES (44, '2011-7-27 6:0', 'Madeira', '125', '972.91', null, 'EM_PROCESSAMENTO', 44, 244, 344);

INSERT INTO Pedido(id, timestamp_requisicao, produto, distancia, preco_frete, observacoes, status, cliente_id, endereco_origem, endereco_destino)
VALUES (45, '2011-4-17 9:7', 'Lápis', '845', '955.59', null, 'EM_PROCESSAMENTO', 45, 245, 345);

INSERT INTO Pedido(id, timestamp_requisicao, produto, distancia, preco_frete, observacoes, status, cliente_id, endereco_origem, endereco_destino)
VALUES (46, '2011-3-10 20:17', 'Mesa', '638', '768.10', null, 'EM_PROCESSAMENTO', 46, 246, 346);

INSERT INTO Pedido(id, timestamp_requisicao, produto, distancia, preco_frete, observacoes, status, cliente_id, endereco_origem, endereco_destino)
VALUES (47, '2011-3-8 10:43', 'Chaira', '477', '968.24', null, 'EM_PROCESSAMENTO', 47, 247, 347);

INSERT INTO Pedido(id, timestamp_requisicao, produto, distancia, preco_frete, observacoes, status, cliente_id, endereco_origem, endereco_destino)
VALUES (48, '2011-10-21 15:2', 'Cadeira', '77', '774.79', null, 'EM_PROCESSAMENTO', 48, 248, 348);

INSERT INTO Pedido(id, timestamp_requisicao, produto, distancia, preco_frete, observacoes, status, cliente_id, endereco_origem, endereco_destino)
VALUES (49, '2011-7-2 11:29', 'Mesa', '1195', '226.67', null, 'EM_PROCESSAMENTO', 49, 249, 349);

INSERT INTO Pedido(id, timestamp_requisicao, produto, distancia, preco_frete, observacoes, status, cliente_id, endereco_origem, endereco_destino)
VALUES (50, '2011-6-4 21:50', 'Mesa', '1102', '435.57', null, 'EM_PROCESSAMENTO', 50, 250, 350);

INSERT INTO Pedido(id, timestamp_requisicao, produto, distancia, preco_frete, observacoes, status, cliente_id, endereco_origem, endereco_destino)
VALUES (51, '2011-11-24 10:48', 'Bíblia', '545', '658.35', null, 'EM_PROCESSAMENTO', 51, 251, 351);

INSERT INTO Pedido(id, timestamp_requisicao, produto, distancia, preco_frete, observacoes, status, cliente_id, endereco_origem, endereco_destino)
VALUES (52, '2011-10-27 14:35', 'Mesa', '1003', '167.01', null, 'EM_PROCESSAMENTO', 52, 252, 352);

INSERT INTO Pedido(id, timestamp_requisicao, produto, distancia, preco_frete, observacoes, status, cliente_id, endereco_origem, endereco_destino)
VALUES (53, '2011-4-9 20:6', 'Madeira', '618', '425.32', null, 'EM_PROCESSAMENTO', 53, 253, 353);

INSERT INTO Pedido(id, timestamp_requisicao, produto, distancia, preco_frete, observacoes, status, cliente_id, endereco_origem, endereco_destino)
VALUES (54, '2011-11-21 8:44', 'Caneta', '813', '528.98', null, 'EM_PROCESSAMENTO', 54, 254, 354);

INSERT INTO Pedido(id, timestamp_requisicao, produto, distancia, preco_frete, observacoes, status, cliente_id, endereco_origem, endereco_destino)
VALUES (55, '2011-3-6 3:46', 'Mochila', '1178', '827.86', null, 'EM_PROCESSAMENTO', 55, 255, 355);

INSERT INTO Pedido(id, timestamp_requisicao, produto, distancia, preco_frete, observacoes, status, cliente_id, endereco_origem, endereco_destino)
VALUES (56, '2011-6-21 16:44', 'Faca', '1146', '582.81', null, 'EM_PROCESSAMENTO', 56, 256, 356);

INSERT INTO Pedido(id, timestamp_requisicao, produto, distancia, preco_frete, observacoes, status, cliente_id, endereco_origem, endereco_destino)
VALUES (57, '2011-10-2 15:3', 'Caneta', '2', '198.78', null, 'EM_PROCESSAMENTO', 57, 257, 357);

INSERT INTO Pedido(id, timestamp_requisicao, produto, distancia, preco_frete, observacoes, status, cliente_id, endereco_origem, endereco_destino)
VALUES (58, '2011-5-13 3:29', 'Bolsa', '197', '207.07', null, 'EM_PROCESSAMENTO', 58, 258, 358);

INSERT INTO Pedido(id, timestamp_requisicao, produto, distancia, preco_frete, observacoes, status, cliente_id, endereco_origem, endereco_destino)
VALUES (59, '2011-7-16 0:5', 'Faca', '478', '980.32', null, 'EM_PROCESSAMENTO', 59, 259, 359);

INSERT INTO Pedido(id, timestamp_requisicao, produto, distancia, preco_frete, observacoes, status, cliente_id, endereco_origem, endereco_destino)
VALUES (60, '2011-10-11 7:5', 'Mochila', '322', '544.21', null, 'EM_PROCESSAMENTO', 60, 260, 360);

INSERT INTO Pedido(id, timestamp_requisicao, produto, distancia, preco_frete, observacoes, status, cliente_id, endereco_origem, endereco_destino)
VALUES (61, '2011-3-27 3:28', 'Faca', '928', '591.18', null, 'EM_PROCESSAMENTO', 61, 261, 361);

INSERT INTO Pedido(id, timestamp_requisicao, produto, distancia, preco_frete, observacoes, status, cliente_id, endereco_origem, endereco_destino)
VALUES (62, '2011-3-4 17:36', 'Cosméticos', '564', '448.01', null, 'EM_PROCESSAMENTO', 62, 262, 362);

INSERT INTO Pedido(id, timestamp_requisicao, produto, distancia, preco_frete, observacoes, status, cliente_id, endereco_origem, endereco_destino)
VALUES (63, '2011-11-23 18:43', 'Cadeira', '902', '808.55', null, 'EM_PROCESSAMENTO', 63, 263, 363);

INSERT INTO Pedido(id, timestamp_requisicao, produto, distancia, preco_frete, observacoes, status, cliente_id, endereco_origem, endereco_destino)
VALUES (64, '2011-1-27 6:58', 'Tesouro', '491', '881.72', null, 'EM_PROCESSAMENTO', 64, 264, 364);

INSERT INTO Pedido(id, timestamp_requisicao, produto, distancia, preco_frete, observacoes, status, cliente_id, endereco_origem, endereco_destino)
VALUES (65, '2011-6-13 22:54', 'Livro', '959', '946.36', null, 'EM_PROCESSAMENTO', 65, 265, 365);

INSERT INTO Pedido(id, timestamp_requisicao, produto, distancia, preco_frete, observacoes, status, cliente_id, endereco_origem, endereco_destino)
VALUES (66, '2011-12-12 2:16', 'Tesouro', '209', '897.29', null, 'EM_PROCESSAMENTO', 66, 266, 366);

INSERT INTO Pedido(id, timestamp_requisicao, produto, distancia, preco_frete, observacoes, status, cliente_id, endereco_origem, endereco_destino)
VALUES (67, '2011-10-4 11:47', 'Notebook', '204', '108.90', null, 'EM_PROCESSAMENTO', 67, 267, 367);

INSERT INTO Pedido(id, timestamp_requisicao, produto, distancia, preco_frete, observacoes, status, cliente_id, endereco_origem, endereco_destino)
VALUES (68, '2011-11-27 0:44', 'Bolsa', '678', '858.73', null, 'EM_PROCESSAMENTO', 68, 268, 368);

INSERT INTO Pedido(id, timestamp_requisicao, produto, distancia, preco_frete, observacoes, status, cliente_id, endereco_origem, endereco_destino)
VALUES (69, '2011-1-26 12:25', 'Bolsa', '851', '183.36', null, 'EM_PROCESSAMENTO', 69, 269, 369);

INSERT INTO Pedido(id, timestamp_requisicao, produto, distancia, preco_frete, observacoes, status, cliente_id, endereco_origem, endereco_destino)
VALUES (70, '2011-5-21 2:30', 'Tabuleiro de Xadrez', '774', '261.80', null, 'EM_PROCESSAMENTO', 70, 270, 370);

INSERT INTO Pedido(id, timestamp_requisicao, produto, distancia, preco_frete, observacoes, status, cliente_id, endereco_origem, endereco_destino)
VALUES (71, '2011-5-26 16:37', 'Lápis', '110', '116.80', null, 'EM_PROCESSAMENTO', 71, 271, 371);

INSERT INTO Pedido(id, timestamp_requisicao, produto, distancia, preco_frete, observacoes, status, cliente_id, endereco_origem, endereco_destino)
VALUES (72, '2011-3-23 14:10', 'Ar condicionado', '1160', '532.55', null, 'EM_PROCESSAMENTO', 72, 272, 372);

INSERT INTO Pedido(id, timestamp_requisicao, produto, distancia, preco_frete, observacoes, status, cliente_id, endereco_origem, endereco_destino)
VALUES (73, '2011-12-19 16:40', 'Ar condicionado', '681', '637.40', null, 'EM_PROCESSAMENTO', 73, 273, 373);

INSERT INTO Pedido(id, timestamp_requisicao, produto, distancia, preco_frete, observacoes, status, cliente_id, endereco_origem, endereco_destino)
VALUES (74, '2011-12-10 16:53', 'Cosméticos', '780', '621.08', null, 'EM_PROCESSAMENTO', 74, 274, 374);

INSERT INTO Pedido(id, timestamp_requisicao, produto, distancia, preco_frete, observacoes, status, cliente_id, endereco_origem, endereco_destino)
VALUES (75, '2011-1-14 18:42', 'Mesa', '760', '600.60', null, 'EM_PROCESSAMENTO', 75, 275, 375);

INSERT INTO Pedido(id, timestamp_requisicao, produto, distancia, preco_frete, observacoes, status, cliente_id, endereco_origem, endereco_destino)
VALUES (76, '2011-2-2 14:46', 'Livro', '372', '719.03', null, 'EM_PROCESSAMENTO', 76, 276, 376);

INSERT INTO Pedido(id, timestamp_requisicao, produto, distancia, preco_frete, observacoes, status, cliente_id, endereco_origem, endereco_destino)
VALUES (77, '2011-5-12 8:35', 'Tesouro', '96', '463.01', null, 'EM_PROCESSAMENTO', 77, 277, 377);

INSERT INTO Pedido(id, timestamp_requisicao, produto, distancia, preco_frete, observacoes, status, cliente_id, endereco_origem, endereco_destino)
VALUES (78, '2011-12-14 8:55', 'Chaira', '187', '100.63', null, 'EM_PROCESSAMENTO', 78, 278, 378);

INSERT INTO Pedido(id, timestamp_requisicao, produto, distancia, preco_frete, observacoes, status, cliente_id, endereco_origem, endereco_destino)
VALUES (79, '2011-10-11 13:3', 'Tabuleiro de Xadrez', '223', '294.73', null, 'EM_PROCESSAMENTO', 79, 279, 379);

INSERT INTO Pedido(id, timestamp_requisicao, produto, distancia, preco_frete, observacoes, status, cliente_id, endereco_origem, endereco_destino)
VALUES (80, '2011-8-13 15:40', 'Notebook', '641', '623.52', null, 'EM_PROCESSAMENTO', 80, 280, 380);

INSERT INTO Pedido(id, timestamp_requisicao, produto, distancia, preco_frete, observacoes, status, cliente_id, endereco_origem, endereco_destino)
VALUES (81, '2011-5-20 11:33', 'Chaira', '588', '167.38', null, 'EM_PROCESSAMENTO', 81, 281, 381);

INSERT INTO Pedido(id, timestamp_requisicao, produto, distancia, preco_frete, observacoes, status, cliente_id, endereco_origem, endereco_destino)
VALUES (82, '2011-9-14 11:37', 'Faca', '668', '415.69', null, 'EM_PROCESSAMENTO', 82, 282, 382);

INSERT INTO Pedido(id, timestamp_requisicao, produto, distancia, preco_frete, observacoes, status, cliente_id, endereco_origem, endereco_destino)
VALUES (83, '2011-5-6 11:40', 'Caneta', '470', '367.61', null, 'EM_PROCESSAMENTO', 83, 283, 383);

INSERT INTO Pedido(id, timestamp_requisicao, produto, distancia, preco_frete, observacoes, status, cliente_id, endereco_origem, endereco_destino)
VALUES (84, '2011-10-19 3:29', 'Faca', '468', '727.49', null, 'EM_PROCESSAMENTO', 84, 284, 384);

INSERT INTO Pedido(id, timestamp_requisicao, produto, distancia, preco_frete, observacoes, status, cliente_id, endereco_origem, endereco_destino)
VALUES (85, '2011-7-9 22:35', 'Ar condicionado', '178', '339.86', null, 'EM_PROCESSAMENTO', 85, 285, 385);

INSERT INTO Pedido(id, timestamp_requisicao, produto, distancia, preco_frete, observacoes, status, cliente_id, endereco_origem, endereco_destino)
VALUES (86, '2011-10-5 18:54', 'Madeira', '1123', '793.87', null, 'EM_PROCESSAMENTO', 86, 286, 386);

INSERT INTO Pedido(id, timestamp_requisicao, produto, distancia, preco_frete, observacoes, status, cliente_id, endereco_origem, endereco_destino)
VALUES (87, '2011-6-5 13:23', 'Cadeira', '584', '378.58', null, 'EM_PROCESSAMENTO', 87, 287, 387);

INSERT INTO Pedido(id, timestamp_requisicao, produto, distancia, preco_frete, observacoes, status, cliente_id, endereco_origem, endereco_destino)
VALUES (88, '2011-10-12 23:59', 'Ar condicionado', '929', '872.52', null, 'EM_PROCESSAMENTO', 88, 288, 388);

INSERT INTO Pedido(id, timestamp_requisicao, produto, distancia, preco_frete, observacoes, status, cliente_id, endereco_origem, endereco_destino)
VALUES (89, '2011-12-28 15:23', 'Livro', '8', '443.37', null, 'EM_PROCESSAMENTO', 89, 289, 389);

INSERT INTO Pedido(id, timestamp_requisicao, produto, distancia, preco_frete, observacoes, status, cliente_id, endereco_origem, endereco_destino)
VALUES (90, '2011-12-22 1:23', 'Lápis', '342', '219.00', null, 'EM_PROCESSAMENTO', 90, 290, 390);

INSERT INTO Pedido(id, timestamp_requisicao, produto, distancia, preco_frete, observacoes, status, cliente_id, endereco_origem, endereco_destino)
VALUES (91, '2011-8-3 14:14', 'Tabuleiro de Xadrez', '184', '891.78', null, 'EM_PROCESSAMENTO', 91, 291, 391);

INSERT INTO Pedido(id, timestamp_requisicao, produto, distancia, preco_frete, observacoes, status, cliente_id, endereco_origem, endereco_destino)
VALUES (92, '2011-4-19 9:16', 'Mochila', '21', '425.50', null, 'EM_PROCESSAMENTO', 92, 292, 392);

INSERT INTO Pedido(id, timestamp_requisicao, produto, distancia, preco_frete, observacoes, status, cliente_id, endereco_origem, endereco_destino)
VALUES (93, '2011-4-8 10:56', 'Notebook', '1065', '356.15', null, 'EM_PROCESSAMENTO', 93, 293, 393);

INSERT INTO Pedido(id, timestamp_requisicao, produto, distancia, preco_frete, observacoes, status, cliente_id, endereco_origem, endereco_destino)
VALUES (94, '2011-7-22 2:5', 'Faca', '227', '908.18', null, 'EM_PROCESSAMENTO', 94, 294, 394);

INSERT INTO Pedido(id, timestamp_requisicao, produto, distancia, preco_frete, observacoes, status, cliente_id, endereco_origem, endereco_destino)
VALUES (95, '2011-2-24 0:55', 'Faca', '243', '733.84', null, 'EM_PROCESSAMENTO', 95, 295, 395);

INSERT INTO Pedido(id, timestamp_requisicao, produto, distancia, preco_frete, observacoes, status, cliente_id, endereco_origem, endereco_destino)
VALUES (96, '2011-9-18 10:54', 'Mochila', '1109', '118.27', null, 'EM_PROCESSAMENTO', 96, 296, 396);

INSERT INTO Pedido(id, timestamp_requisicao, produto, distancia, preco_frete, observacoes, status, cliente_id, endereco_origem, endereco_destino)
VALUES (97, '2011-7-25 3:31', 'Mochila', '198', '527.14', null, 'EM_PROCESSAMENTO', 97, 297, 397);

INSERT INTO Pedido(id, timestamp_requisicao, produto, distancia, preco_frete, observacoes, status, cliente_id, endereco_origem, endereco_destino)
VALUES (98, '2011-10-2 22:7', 'Notebook', '1072', '733.56', null, 'EM_PROCESSAMENTO', 98, 298, 398);

INSERT INTO Pedido(id, timestamp_requisicao, produto, distancia, preco_frete, observacoes, status, cliente_id, endereco_origem, endereco_destino)
VALUES (99, '2011-4-25 22:35', 'Televisor', '1000', '595.13', null, 'EM_PROCESSAMENTO', 99, 299, 399);

INSERT INTO Pedido(id, timestamp_requisicao, produto, distancia, preco_frete, observacoes, status, cliente_id, endereco_origem, endereco_destino)
VALUES (100, '2011-12-3 8:49', 'Lápis', '471', '356.45', null, 'EM_PROCESSAMENTO', 100, 300, 400);

-- Popula a tabela Viagem.

INSERT INTO Viagem(id, timestamp_inicio, timestamp_fim, qtd_volumes, peso_volumes, observacoes, motorista_id, pedido_id)
VALUES (1, '2012-9-15 5:17', '2013-1-8 1:26', 71, 49, null, 1, 53);

INSERT INTO Viagem(id, timestamp_inicio, timestamp_fim, qtd_volumes, peso_volumes, observacoes, motorista_id, pedido_id)
VALUES (2, '2012-4-4 9:23', '2013-4-5 13:18', 81, 36, null, 2, 44);

INSERT INTO Viagem(id, timestamp_inicio, timestamp_fim, qtd_volumes, peso_volumes, observacoes, motorista_id, pedido_id)
VALUES (3, '2012-9-26 17:7', '2013-1-3 4:49', 82, 92, null, 3, 42);

INSERT INTO Viagem(id, timestamp_inicio, timestamp_fim, qtd_volumes, peso_volumes, observacoes, motorista_id, pedido_id)
VALUES (4, '2012-4-13 16:46', null, 50, 39, null, 4, 12);

INSERT INTO Viagem(id, timestamp_inicio, timestamp_fim, qtd_volumes, peso_volumes, observacoes, motorista_id, pedido_id)
VALUES (5, '2012-4-7 8:5', '2013-6-3 8:32', 74, 91, null, 5, 84);

INSERT INTO Viagem(id, timestamp_inicio, timestamp_fim, qtd_volumes, peso_volumes, observacoes, motorista_id, pedido_id)
VALUES (6, '2012-7-5 16:29', null, 68, 49, null, 6, 82);

INSERT INTO Viagem(id, timestamp_inicio, timestamp_fim, qtd_volumes, peso_volumes, observacoes, motorista_id, pedido_id)
VALUES (7, '2012-2-4 16:23', null, 14, 14, null, 7, 43);

INSERT INTO Viagem(id, timestamp_inicio, timestamp_fim, qtd_volumes, peso_volumes, observacoes, motorista_id, pedido_id)
VALUES (8, '2012-9-4 23:23', null, 29, 70, null, 8, 16);

INSERT INTO Viagem(id, timestamp_inicio, timestamp_fim, qtd_volumes, peso_volumes, observacoes, motorista_id, pedido_id)
VALUES (9, '2012-2-4 3:3', '2013-9-18 0:16', 18, 19, null, 9, 62);

INSERT INTO Viagem(id, timestamp_inicio, timestamp_fim, qtd_volumes, peso_volumes, observacoes, motorista_id, pedido_id)
VALUES (10, '2012-10-28 4:33', null, 38, 60, null, 10, 73);

INSERT INTO Viagem(id, timestamp_inicio, timestamp_fim, qtd_volumes, peso_volumes, observacoes, motorista_id, pedido_id)
VALUES (11, '2012-5-5 3:41', null, 83, 27, null, 11, 55);

INSERT INTO Viagem(id, timestamp_inicio, timestamp_fim, qtd_volumes, peso_volumes, observacoes, motorista_id, pedido_id)
VALUES (12, '2012-10-14 2:20', '2013-7-15 12:27', 83, 96, null, 12, 53);

INSERT INTO Viagem(id, timestamp_inicio, timestamp_fim, qtd_volumes, peso_volumes, observacoes, motorista_id, pedido_id)
VALUES (13, '2012-9-4 3:10', '2013-4-24 18:26', 58, 80, null, 13, 61);

INSERT INTO Viagem(id, timestamp_inicio, timestamp_fim, qtd_volumes, peso_volumes, observacoes, motorista_id, pedido_id)
VALUES (14, '2012-3-16 4:22', null, 47, 42, null, 14, 39);

INSERT INTO Viagem(id, timestamp_inicio, timestamp_fim, qtd_volumes, peso_volumes, observacoes, motorista_id, pedido_id)
VALUES (15, '2012-3-23 5:50', null, 45, 78, null, 15, 95);

INSERT INTO Viagem(id, timestamp_inicio, timestamp_fim, qtd_volumes, peso_volumes, observacoes, motorista_id, pedido_id)
VALUES (16, '2012-4-23 15:27', '2013-4-23 11:22', 72, 78, null, 16, 16);

INSERT INTO Viagem(id, timestamp_inicio, timestamp_fim, qtd_volumes, peso_volumes, observacoes, motorista_id, pedido_id)
VALUES (17, '2012-1-8 15:17', null, 20, 30, null, 17, 70);

INSERT INTO Viagem(id, timestamp_inicio, timestamp_fim, qtd_volumes, peso_volumes, observacoes, motorista_id, pedido_id)
VALUES (18, '2012-6-10 8:42', null, 54, 32, null, 18, 39);

INSERT INTO Viagem(id, timestamp_inicio, timestamp_fim, qtd_volumes, peso_volumes, observacoes, motorista_id, pedido_id)
VALUES (19, '2012-11-27 3:21', null, 16, 27, null, 19, 40);

INSERT INTO Viagem(id, timestamp_inicio, timestamp_fim, qtd_volumes, peso_volumes, observacoes, motorista_id, pedido_id)
VALUES (20, '2012-3-3 0:30', null, 15, 51, null, 20, 65);

INSERT INTO Viagem(id, timestamp_inicio, timestamp_fim, qtd_volumes, peso_volumes, observacoes, motorista_id, pedido_id)
VALUES (21, '2012-4-27 23:40', '2013-8-25 3:2', 86, 65, null, 21, 66);

INSERT INTO Viagem(id, timestamp_inicio, timestamp_fim, qtd_volumes, peso_volumes, observacoes, motorista_id, pedido_id)
VALUES (22, '2012-5-11 1:40', '2013-3-4 0:36', 26, 44, null, 22, 79);

INSERT INTO Viagem(id, timestamp_inicio, timestamp_fim, qtd_volumes, peso_volumes, observacoes, motorista_id, pedido_id)
VALUES (23, '2012-9-1 15:34', '2013-9-19 14:49', 11, 30, null, 23, 64);

INSERT INTO Viagem(id, timestamp_inicio, timestamp_fim, qtd_volumes, peso_volumes, observacoes, motorista_id, pedido_id)
VALUES (24, '2012-2-26 2:29', null, 96, 80, null, 24, 7);

INSERT INTO Viagem(id, timestamp_inicio, timestamp_fim, qtd_volumes, peso_volumes, observacoes, motorista_id, pedido_id)
VALUES (25, '2012-3-1 17:36', null, 57, 22, null, 25, 57);

INSERT INTO Viagem(id, timestamp_inicio, timestamp_fim, qtd_volumes, peso_volumes, observacoes, motorista_id, pedido_id)
VALUES (26, '2012-7-11 6:13', null, 94, 18, null, 26, 81);

INSERT INTO Viagem(id, timestamp_inicio, timestamp_fim, qtd_volumes, peso_volumes, observacoes, motorista_id, pedido_id)
VALUES (27, '2012-5-17 0:58', null, 80, 10, null, 27, 61);

INSERT INTO Viagem(id, timestamp_inicio, timestamp_fim, qtd_volumes, peso_volumes, observacoes, motorista_id, pedido_id)
VALUES (28, '2012-12-10 0:54', null, 19, 18, null, 28, 47);

INSERT INTO Viagem(id, timestamp_inicio, timestamp_fim, qtd_volumes, peso_volumes, observacoes, motorista_id, pedido_id)
VALUES (29, '2012-5-1 13:43', '2013-5-17 5:3', 33, 49, null, 29, 51);

INSERT INTO Viagem(id, timestamp_inicio, timestamp_fim, qtd_volumes, peso_volumes, observacoes, motorista_id, pedido_id)
VALUES (30, '2012-12-15 22:4', null, 97, 24, null, 30, 39);

INSERT INTO Viagem(id, timestamp_inicio, timestamp_fim, qtd_volumes, peso_volumes, observacoes, motorista_id, pedido_id)
VALUES (31, '2012-12-8 1:57', '2013-11-15 13:0', 92, 27, null, 31, 85);

INSERT INTO Viagem(id, timestamp_inicio, timestamp_fim, qtd_volumes, peso_volumes, observacoes, motorista_id, pedido_id)
VALUES (32, '2012-1-14 4:19', null, 83, 54, null, 32, 19);

INSERT INTO Viagem(id, timestamp_inicio, timestamp_fim, qtd_volumes, peso_volumes, observacoes, motorista_id, pedido_id)
VALUES (33, '2012-10-14 14:39', null, 10, 12, null, 33, 55);

INSERT INTO Viagem(id, timestamp_inicio, timestamp_fim, qtd_volumes, peso_volumes, observacoes, motorista_id, pedido_id)
VALUES (34, '2012-3-16 12:12', '2013-10-12 8:49', 75, 51, null, 34, 78);

INSERT INTO Viagem(id, timestamp_inicio, timestamp_fim, qtd_volumes, peso_volumes, observacoes, motorista_id, pedido_id)
VALUES (35, '2012-6-2 10:7', null, 43, 10, null, 35, 98);

INSERT INTO Viagem(id, timestamp_inicio, timestamp_fim, qtd_volumes, peso_volumes, observacoes, motorista_id, pedido_id)
VALUES (36, '2012-4-23 7:54', '2013-5-21 12:17', 89, 18, null, 36, 8);

INSERT INTO Viagem(id, timestamp_inicio, timestamp_fim, qtd_volumes, peso_volumes, observacoes, motorista_id, pedido_id)
VALUES (37, '2012-4-7 20:51', null, 79, 18, null, 37, 34);

INSERT INTO Viagem(id, timestamp_inicio, timestamp_fim, qtd_volumes, peso_volumes, observacoes, motorista_id, pedido_id)
VALUES (38, '2012-1-16 17:50', '2013-5-17 8:41', 43, 16, null, 38, 52);

INSERT INTO Viagem(id, timestamp_inicio, timestamp_fim, qtd_volumes, peso_volumes, observacoes, motorista_id, pedido_id)
VALUES (39, '2012-11-8 12:14', '2013-12-12 0:31', 60, 19, null, 39, 59);

INSERT INTO Viagem(id, timestamp_inicio, timestamp_fim, qtd_volumes, peso_volumes, observacoes, motorista_id, pedido_id)
VALUES (40, '2012-4-26 18:4', '2013-7-8 8:44', 96, 16, null, 40, 15);

INSERT INTO Viagem(id, timestamp_inicio, timestamp_fim, qtd_volumes, peso_volumes, observacoes, motorista_id, pedido_id)
VALUES (41, '2012-3-27 20:43', '2013-10-12 15:23', 15, 49, null, 41, 98);

INSERT INTO Viagem(id, timestamp_inicio, timestamp_fim, qtd_volumes, peso_volumes, observacoes, motorista_id, pedido_id)
VALUES (42, '2012-7-28 7:23', null, 11, 59, null, 42, 92);

INSERT INTO Viagem(id, timestamp_inicio, timestamp_fim, qtd_volumes, peso_volumes, observacoes, motorista_id, pedido_id)
VALUES (43, '2012-9-2 18:52', '2013-10-24 10:52', 41, 52, null, 43, 37);

INSERT INTO Viagem(id, timestamp_inicio, timestamp_fim, qtd_volumes, peso_volumes, observacoes, motorista_id, pedido_id)
VALUES (44, '2012-10-12 8:3', null, 13, 16, null, 44, 10);

INSERT INTO Viagem(id, timestamp_inicio, timestamp_fim, qtd_volumes, peso_volumes, observacoes, motorista_id, pedido_id)
VALUES (45, '2012-6-28 12:39', '2013-2-22 6:45', 21, 65, null, 45, 86);

INSERT INTO Viagem(id, timestamp_inicio, timestamp_fim, qtd_volumes, peso_volumes, observacoes, motorista_id, pedido_id)
VALUES (46, '2012-1-24 3:45', null, 77, 21, null, 46, 31);

INSERT INTO Viagem(id, timestamp_inicio, timestamp_fim, qtd_volumes, peso_volumes, observacoes, motorista_id, pedido_id)
VALUES (47, '2012-5-4 18:54', '2013-5-12 22:3', 10, 70, null, 47, 44);

INSERT INTO Viagem(id, timestamp_inicio, timestamp_fim, qtd_volumes, peso_volumes, observacoes, motorista_id, pedido_id)
VALUES (48, '2012-11-14 23:13', null, 31, 79, null, 48, 77);

INSERT INTO Viagem(id, timestamp_inicio, timestamp_fim, qtd_volumes, peso_volumes, observacoes, motorista_id, pedido_id)
VALUES (49, '2012-3-24 10:50', null, 81, 75, null, 49, 96);

INSERT INTO Viagem(id, timestamp_inicio, timestamp_fim, qtd_volumes, peso_volumes, observacoes, motorista_id, pedido_id)
VALUES (50, '2012-8-9 17:10', null, 36, 63, null, 50, 29);

INSERT INTO Viagem(id, timestamp_inicio, timestamp_fim, qtd_volumes, peso_volumes, observacoes, motorista_id, pedido_id)
VALUES (51, '2012-5-11 14:52', '2013-9-14 15:50', 43, 98, null, 51, 79);

INSERT INTO Viagem(id, timestamp_inicio, timestamp_fim, qtd_volumes, peso_volumes, observacoes, motorista_id, pedido_id)
VALUES (52, '2012-8-6 22:56', '2013-9-22 11:51', 74, 14, null, 52, 22);

INSERT INTO Viagem(id, timestamp_inicio, timestamp_fim, qtd_volumes, peso_volumes, observacoes, motorista_id, pedido_id)
VALUES (53, '2012-5-7 3:40', null, 34, 74, null, 53, 41);

INSERT INTO Viagem(id, timestamp_inicio, timestamp_fim, qtd_volumes, peso_volumes, observacoes, motorista_id, pedido_id)
VALUES (54, '2012-7-13 14:58', '2013-3-4 15:52', 30, 35, null, 54, 99);

INSERT INTO Viagem(id, timestamp_inicio, timestamp_fim, qtd_volumes, peso_volumes, observacoes, motorista_id, pedido_id)
VALUES (55, '2012-5-25 3:54', '2013-12-16 4:11', 20, 13, null, 55, 25);

INSERT INTO Viagem(id, timestamp_inicio, timestamp_fim, qtd_volumes, peso_volumes, observacoes, motorista_id, pedido_id)
VALUES (56, '2012-6-11 8:36', null, 72, 13, null, 56, 87);

INSERT INTO Viagem(id, timestamp_inicio, timestamp_fim, qtd_volumes, peso_volumes, observacoes, motorista_id, pedido_id)
VALUES (57, '2012-1-16 18:56', '2013-7-7 6:16', 32, 17, null, 57, 20);

INSERT INTO Viagem(id, timestamp_inicio, timestamp_fim, qtd_volumes, peso_volumes, observacoes, motorista_id, pedido_id)
VALUES (58, '2012-8-23 5:15', '2013-6-13 11:19', 47, 15, null, 58, 49);

INSERT INTO Viagem(id, timestamp_inicio, timestamp_fim, qtd_volumes, peso_volumes, observacoes, motorista_id, pedido_id)
VALUES (59, '2012-1-14 7:41', null, 15, 93, null, 59, 26);

INSERT INTO Viagem(id, timestamp_inicio, timestamp_fim, qtd_volumes, peso_volumes, observacoes, motorista_id, pedido_id)
VALUES (60, '2012-9-4 9:37', '2013-10-1 4:41', 97, 30, null, 60, 48);

INSERT INTO Viagem(id, timestamp_inicio, timestamp_fim, qtd_volumes, peso_volumes, observacoes, motorista_id, pedido_id)
VALUES (61, '2012-7-11 3:24', '2013-4-3 22:43', 60, 34, null, 61, 46);

INSERT INTO Viagem(id, timestamp_inicio, timestamp_fim, qtd_volumes, peso_volumes, observacoes, motorista_id, pedido_id)
VALUES (62, '2012-1-14 11:16', null, 11, 34, null, 62, 76);

INSERT INTO Viagem(id, timestamp_inicio, timestamp_fim, qtd_volumes, peso_volumes, observacoes, motorista_id, pedido_id)
VALUES (63, '2012-10-3 22:11', null, 16, 22, null, 63, 52);

INSERT INTO Viagem(id, timestamp_inicio, timestamp_fim, qtd_volumes, peso_volumes, observacoes, motorista_id, pedido_id)
VALUES (64, '2012-11-10 15:19', null, 26, 50, null, 64, 10);

INSERT INTO Viagem(id, timestamp_inicio, timestamp_fim, qtd_volumes, peso_volumes, observacoes, motorista_id, pedido_id)
VALUES (65, '2012-4-2 6:49', null, 26, 15, null, 65, 11);

INSERT INTO Viagem(id, timestamp_inicio, timestamp_fim, qtd_volumes, peso_volumes, observacoes, motorista_id, pedido_id)
VALUES (66, '2012-7-4 14:38', null, 29, 79, null, 66, 57);

INSERT INTO Viagem(id, timestamp_inicio, timestamp_fim, qtd_volumes, peso_volumes, observacoes, motorista_id, pedido_id)
VALUES (67, '2012-1-12 23:11', null, 61, 17, null, 67, 28);

INSERT INTO Viagem(id, timestamp_inicio, timestamp_fim, qtd_volumes, peso_volumes, observacoes, motorista_id, pedido_id)
VALUES (68, '2012-9-20 10:13', '2013-5-12 14:13', 30, 18, null, 68, 74);

INSERT INTO Viagem(id, timestamp_inicio, timestamp_fim, qtd_volumes, peso_volumes, observacoes, motorista_id, pedido_id)
VALUES (69, '2012-11-5 0:26', null, 74, 80, null, 69, 82);

INSERT INTO Viagem(id, timestamp_inicio, timestamp_fim, qtd_volumes, peso_volumes, observacoes, motorista_id, pedido_id)
VALUES (70, '2012-4-18 6:41', '2013-7-19 14:20', 52, 89, null, 70, 13);

INSERT INTO Viagem(id, timestamp_inicio, timestamp_fim, qtd_volumes, peso_volumes, observacoes, motorista_id, pedido_id)
VALUES (71, '2012-2-27 23:21', null, 64, 71, null, 71, 94);

INSERT INTO Viagem(id, timestamp_inicio, timestamp_fim, qtd_volumes, peso_volumes, observacoes, motorista_id, pedido_id)
VALUES (72, '2012-11-1 22:17', null, 94, 46, null, 72, 70);

INSERT INTO Viagem(id, timestamp_inicio, timestamp_fim, qtd_volumes, peso_volumes, observacoes, motorista_id, pedido_id)
VALUES (73, '2012-5-2 9:22', '2013-4-19 9:7', 41, 59, null, 73, 26);

INSERT INTO Viagem(id, timestamp_inicio, timestamp_fim, qtd_volumes, peso_volumes, observacoes, motorista_id, pedido_id)
VALUES (74, '2012-3-22 3:13', '2013-5-22 2:55', 32, 75, null, 74, 27);

INSERT INTO Viagem(id, timestamp_inicio, timestamp_fim, qtd_volumes, peso_volumes, observacoes, motorista_id, pedido_id)
VALUES (75, '2012-3-28 7:40', '2013-1-2 0:1', 19, 55, null, 75, 56);

INSERT INTO Viagem(id, timestamp_inicio, timestamp_fim, qtd_volumes, peso_volumes, observacoes, motorista_id, pedido_id)
VALUES (76, '2012-8-4 5:49', '2013-6-17 8:15', 25, 12, null, 76, 61);

INSERT INTO Viagem(id, timestamp_inicio, timestamp_fim, qtd_volumes, peso_volumes, observacoes, motorista_id, pedido_id)
VALUES (77, '2012-9-6 23:14', null, 38, 45, null, 77, 87);

INSERT INTO Viagem(id, timestamp_inicio, timestamp_fim, qtd_volumes, peso_volumes, observacoes, motorista_id, pedido_id)
VALUES (78, '2012-10-27 9:36', null, 72, 24, null, 78, 99);

INSERT INTO Viagem(id, timestamp_inicio, timestamp_fim, qtd_volumes, peso_volumes, observacoes, motorista_id, pedido_id)
VALUES (79, '2012-2-17 16:32', '2013-12-1 5:19', 38, 37, null, 79, 4);

INSERT INTO Viagem(id, timestamp_inicio, timestamp_fim, qtd_volumes, peso_volumes, observacoes, motorista_id, pedido_id)
VALUES (80, '2012-9-22 20:48', '2013-8-5 17:27', 75, 99, null, 80, 24);

INSERT INTO Viagem(id, timestamp_inicio, timestamp_fim, qtd_volumes, peso_volumes, observacoes, motorista_id, pedido_id)
VALUES (81, '2012-6-10 16:18', '2013-11-5 2:28', 19, 17, null, 81, 39);

INSERT INTO Viagem(id, timestamp_inicio, timestamp_fim, qtd_volumes, peso_volumes, observacoes, motorista_id, pedido_id)
VALUES (82, '2012-7-11 19:41', '2013-3-3 1:7', 33, 62, null, 82, 84);

INSERT INTO Viagem(id, timestamp_inicio, timestamp_fim, qtd_volumes, peso_volumes, observacoes, motorista_id, pedido_id)
VALUES (83, '2012-8-8 4:18', '2013-12-14 17:55', 11, 23, null, 83, 95);

INSERT INTO Viagem(id, timestamp_inicio, timestamp_fim, qtd_volumes, peso_volumes, observacoes, motorista_id, pedido_id)
VALUES (84, '2012-1-22 21:49', null, 17, 72, null, 84, 46);

INSERT INTO Viagem(id, timestamp_inicio, timestamp_fim, qtd_volumes, peso_volumes, observacoes, motorista_id, pedido_id)
VALUES (85, '2012-8-6 16:3', '2013-11-26 13:40', 15, 96, null, 85, 12);

INSERT INTO Viagem(id, timestamp_inicio, timestamp_fim, qtd_volumes, peso_volumes, observacoes, motorista_id, pedido_id)
VALUES (86, '2012-6-25 10:9', '2013-6-23 7:39', 73, 93, null, 86, 66);

INSERT INTO Viagem(id, timestamp_inicio, timestamp_fim, qtd_volumes, peso_volumes, observacoes, motorista_id, pedido_id)
VALUES (87, '2012-8-8 3:41', null, 34, 13, null, 87, 75);

INSERT INTO Viagem(id, timestamp_inicio, timestamp_fim, qtd_volumes, peso_volumes, observacoes, motorista_id, pedido_id)
VALUES (88, '2012-11-26 17:43', null, 98, 77, null, 88, 38);

INSERT INTO Viagem(id, timestamp_inicio, timestamp_fim, qtd_volumes, peso_volumes, observacoes, motorista_id, pedido_id)
VALUES (89, '2012-10-21 5:0', '2013-11-3 10:27', 36, 62, null, 89, 36);

INSERT INTO Viagem(id, timestamp_inicio, timestamp_fim, qtd_volumes, peso_volumes, observacoes, motorista_id, pedido_id)
VALUES (90, '2012-7-25 17:59', '2013-2-15 13:40', 75, 35, null, 90, 68);

INSERT INTO Viagem(id, timestamp_inicio, timestamp_fim, qtd_volumes, peso_volumes, observacoes, motorista_id, pedido_id)
VALUES (91, '2012-8-25 0:43', '2013-4-24 6:21', 21, 17, null, 91, 52);

INSERT INTO Viagem(id, timestamp_inicio, timestamp_fim, qtd_volumes, peso_volumes, observacoes, motorista_id, pedido_id)
VALUES (92, '2012-3-18 16:43', null, 16, 37, null, 92, 19);

INSERT INTO Viagem(id, timestamp_inicio, timestamp_fim, qtd_volumes, peso_volumes, observacoes, motorista_id, pedido_id)
VALUES (93, '2012-11-27 16:44', null, 31, 66, null, 93, 38);

INSERT INTO Viagem(id, timestamp_inicio, timestamp_fim, qtd_volumes, peso_volumes, observacoes, motorista_id, pedido_id)
VALUES (94, '2012-8-21 14:50', null, 14, 13, null, 94, 25);

INSERT INTO Viagem(id, timestamp_inicio, timestamp_fim, qtd_volumes, peso_volumes, observacoes, motorista_id, pedido_id)
VALUES (95, '2012-1-3 1:26', null, 74, 90, null, 95, 100);

INSERT INTO Viagem(id, timestamp_inicio, timestamp_fim, qtd_volumes, peso_volumes, observacoes, motorista_id, pedido_id)
VALUES (96, '2012-11-26 21:28', null, 96, 81, null, 96, 92);

INSERT INTO Viagem(id, timestamp_inicio, timestamp_fim, qtd_volumes, peso_volumes, observacoes, motorista_id, pedido_id)
VALUES (97, '2012-2-3 9:47', '2013-1-5 2:51', 66, 95, null, 97, 21);

INSERT INTO Viagem(id, timestamp_inicio, timestamp_fim, qtd_volumes, peso_volumes, observacoes, motorista_id, pedido_id)
VALUES (98, '2012-6-19 7:58', null, 54, 78, null, 98, 34);

INSERT INTO Viagem(id, timestamp_inicio, timestamp_fim, qtd_volumes, peso_volumes, observacoes, motorista_id, pedido_id)
VALUES (99, '2012-3-17 16:16', '2013-10-5 20:15', 97, 74, null, 99, 96);

INSERT INTO Viagem(id, timestamp_inicio, timestamp_fim, qtd_volumes, peso_volumes, observacoes, motorista_id, pedido_id)
VALUES (100, '2012-1-2 16:24', '2013-1-8 5:5', 23, 70, null, 100, 2);

SELECT setval('cliente_id_seq', 100);
SELECT setval('endereco_id_seq', 400);
SELECT setval('motorista_id_seq', 100);
SELECT setval('pedido_id_seq', 100);
SELECT setval('veiculo_id_seq', 100);
SELECT setval('viagem_id_seq', 200);
